first_name,last_name,emp_no,title
Takahito,Gecsei,10410,Staff
Make,Baba,10480,Staff
Lech,Himler,10762,Senior Staff
Lech,Himler,10762,Staff
Juyoung,Seghrouchni,10933,Senior Engineer
Jeanna,Riesenhuber,11015,Senior Staff
Sudhanshu,Demian,14104,Senior Staff
Sudhanshu,Demian,14104,Staff
Sastry,Marrevee,14476,Engineer
Richard,Sinitsyn,14551,Senior Staff
Teiji,Picco,17618,Staff
Gennady,Roison,17731,Assistant Engineer
Gennady,Roison,17731,Engineer
Stafford,Honglei,18583,Staff
Satoru,Yoshizawa,19350,Senior Staff
Satoru,Yoshizawa,19350,Staff
Utz,Heuter,20100,Senior Staff
Utz,Heuter,20100,Staff
Rafael,Skafidas,20129,Engineer
Rafael,Skafidas,20129,Senior Engineer
Heejo,Brodie,20720,Senior Staff
Mohammed,Brizzi,21909,Senior Staff
Mohammed,Brizzi,21909,Staff
Jasminko,Bresenham,22451,Senior Staff
Jasminko,Bresenham,22451,Staff
Dannz,Grospietsch,24421,Senior Engineer
Bilhanan,Karcich,26476,Staff
Shuji,Kandlur,27620,Engineer
Shuji,Kandlur,27620,Senior Engineer
Manu,Rosiles,27686,Senior Staff
Gilbert,Calkin,29265,Senior Staff
Gilbert,Calkin,29265,Staff
Pranay,Giarratana,29954,Senior Engineer
Yakkov,Samarati,30938,Senior Staff
Yakkov,Samarati,30938,Staff
Tuval,Waleschkowski,31170,Senior Staff
Leandro,Gist,31188,Technique Leader
Piyush,Paciorek,32622,Staff
Adamantios,Vanwelkenhuysen,33293,Assistant Engineer
Adamantios,Vanwelkenhuysen,33293,Engineer
Clyde,Swift,33606,Staff
Felicidad,Kumaresan,34505,Senior Staff
Felicidad,Kumaresan,34505,Staff
Michaela,Randi,38043,Engineer
Michaela,Randi,38043,Senior Engineer
Constantijn,Awdeh,39268,Engineer
Mahmut,Lampe,39341,Engineer
Mahmut,Lampe,39341,Senior Engineer
Maria,Eppinger,44265,Engineer
Masoud,Genin,45590,Technique Leader
Wuxu,Trogemann,46328,Senior Staff
Tooru,Daescu,46834,Senior Staff
Marco,Usdin,47139,Engineer
Baocai,Leaver,49477,Senior Staff
Aron,Harbusch,50453,Staff
Slavian,Yemenis,50587,Technique Leader
Youngkon,Rohrbach,51060,Engineer
Youngkon,Rohrbach,51060,Senior Engineer
Shugo,Yurek,52770,Senior Staff
Shugo,Yurek,52770,Staff
Eberhardt,Carrera,53314,Staff
Toshiko,Alblas,55121,Engineer
Shih,Lindqvist,55687,Senior Engineer
Bezalel,Karner,58141,Staff
Palash,Trelles,58990,Engineer
Saeko,Baik,59661,Staff
Hiroyasu,Seuren,63419,Senior Engineer
Heekeun,Slaats,63566,Senior Staff
Tsutomu,Rebaine,64487,Engineer
Tsutomu,Rebaine,64487,Senior Engineer
Eldridge,Eldridge,64984,Engineer
Eldridge,Eldridge,64984,Senior Engineer
Aksel,Picaronny,65539,Engineer
Aksel,Picaronny,65539,Senior Engineer
Deniz,Thibadeau,66702,Engineer
Deniz,Thibadeau,66702,Senior Engineer
Aiman,Gargeya,67934,Engineer
Aiman,Gargeya,67934,Senior Engineer
Munenori,Debuse,68416,Senior Engineer
Chinhyun,Rassart,68633,Senior Engineer
Arumugam,Nitta,70990,Senior Engineer
Sajjad,Waeselynck,72190,Engineer
Arif,Preusig,76201,Senior Engineer
Niranjan,Schaaf,77647,Technique Leader
Fabrizio,Anick,78086,Staff
Kwan,Gide,80656,Engineer
Francesca,Ellozy,83280,Senior Engineer
Parke,Unno,84922,Engineer
Vasiliy,Ratnaker,88647,Engineer
Along,Erol,89207,Senior Staff
Along,Erol,89207,Staff
Aiman,Mawatari,89680,Engineer
Aiman,Mawatari,89680,Senior Engineer
Yonghoan,Trogemann,90614,Assistant Engineer
Yonghoan,Trogemann,90614,Engineer
Jamaludin,Nilsson,91415,Senior Staff
Jamaludin,Nilsson,91415,Staff
Visit,McFarlan,92454,Engineer
Visit,McFarlan,92454,Senior Engineer
Bernardo,Vasanthakumar,94131,Staff
Jeanna,Chinen,97018,Engineer
Jeanna,Chinen,97018,Senior Engineer
Haldon,Janetzko,97623,Senior Staff
Haldon,Janetzko,97623,Staff
Moie,Karunanithi,97697,Engineer
Moie,Karunanithi,97697,Senior Engineer
Giao,Junot,98514,Staff
Hisao,Peral,100865,Engineer
Hisao,Peral,100865,Senior Engineer
Mantis,Millington,101902,Senior Staff
Mantis,Millington,101902,Staff
Djenana,Albarhamtoshy,103196,Senior Staff
Djenana,Albarhamtoshy,103196,Staff
Yechiam,Egerstedt,105589,Engineer
Naftali,Schurmann,106096,Engineer
Naftali,Schurmann,106096,Senior Engineer
Horward,Begiun,106958,Engineer
Horward,Begiun,106958,Senior Engineer
Hisao,Ghemri,108091,Senior Staff
Hisao,Ghemri,108091,Staff
Randi,Samarati,108198,Senior Staff
Randi,Samarati,108198,Staff
Oksana,Baek,108988,Senior Staff
Oksana,Baek,108988,Staff
Bangqing,Schach,109278,Senior Staff
Bangqing,Schach,109278,Staff
Fan,Kakkad,201709,Senior Staff
Fan,Kakkad,201709,Staff
Genta,Terekhov,201739,Assistant Engineer
Hugh,Jonsson,203474,Senior Staff
Hugh,Jonsson,203474,Staff
Claude,Kemmerer,203697,Engineer
Mary,Setiz,205500,Senior Engineer
Guadalupe,Pfau,206836,Senior Staff
Guadalupe,Pfau,206836,Staff
Zhiguo,Ariola,207068,Senior Staff
Shalesh,Lovengreen,210017,Senior Staff
Shalesh,Lovengreen,210017,Staff
Zhonghua,Snyers,211569,Senior Staff
Zhonghua,Snyers,211569,Staff
Leni,Henders,212093,Senior Staff
Leni,Henders,212093,Staff
Kien,Bennis,212703,Engineer
Tru,Danecki,213140,Staff
Pramod,Loncour,215843,Senior Staff
Pramod,Loncour,215843,Staff
Byong,Gustavson,216375,Senior Engineer
Jianhao,Molenaar,217387,Engineer
Jianhao,Molenaar,217387,Senior Engineer
Panayotis,Lukaszewicz,217551,Engineer
Panayotis,Lukaszewicz,217551,Senior Engineer
Aemilian,Kusalik,219047,Engineer
Aemilian,Kusalik,219047,Senior Engineer
Tesuya,dAstous,221126,Engineer
Tesuya,dAstous,221126,Senior Engineer
Abdulah,Pocchiola,221369,Engineer
Limsoon,Erol,222926,Senior Engineer
Chiranjit,Dredge,223595,Technique Leader
Ramalingam,Remmele,225867,Senior Engineer
Mooi,Cooman,225964,Engineer
Mooi,Cooman,225964,Senior Engineer
Gio,Murtha,227354,Engineer
Gio,Murtha,227354,Senior Engineer
Yinghua,Lorho,230354,Senior Staff
Yinghua,Lorho,230354,Staff
Torsten,Slobodova,231043,Assistant Engineer
Goetz,Alvarado,231798,Engineer
Goetz,Alvarado,231798,Senior Engineer
Zissis,Lodder,233759,Engineer
Jayesh,Spinelli,235793,Senior Engineer
IEEE,Raczkowsky,236315,Technique Leader
Berna,Nanard,236559,Senior Engineer
Insup,Reinhard,236591,Senior Staff
Insup,Reinhard,236591,Staff
Bilhanan,Dusink,239748,Senior Staff
Bilhanan,Dusink,239748,Staff
Shrikanth,Ramaiah,240253,Engineer
Francesca,Chorvat,240870,Senior Staff
Francesca,Chorvat,240870,Staff
Jagoda,Anguita,241254,Senior Engineer
Emran,Miara,241567,Engineer
Emran,Miara,241567,Senior Engineer
Wuxu,Poupard,241917,Staff
Chiranjit,Constantine,247612,Engineer
Xiong,Anick,247875,Senior Staff
Hideyuki,Decleir,249239,Senior Engineer
Steen,Gubsky,249866,Senior Staff
Steen,Gubsky,249866,Staff
Alexius,Plavsic,250452,Senior Engineer
Chaosheng,Conta,252185,Assistant Engineer
Chaosheng,Conta,252185,Engineer
Armond,Lores,254399,Technique Leader
Mohan,Chepyzhov,254787,Senior Engineer
Tonny,Couchot,254821,Staff
Mariusz,Zolotykh,258124,Senior Staff
Sasan,Brookner,260408,Senior Staff
Sasan,Brookner,260408,Staff
Kayoko,Attimonelli,262861,Senior Staff
Kayoko,Attimonelli,262861,Staff
Dinkar,Sinicrope,263325,Staff
Mechthild,Zongker,263649,Senior Staff
Bogdan,Bahi,264939,Engineer
Bogdan,Bahi,264939,Senior Engineer
Navid,Staudhammer,265039,Senior Staff
Navid,Staudhammer,265039,Staff
Miquel,Halloran,265794,Senior Staff
Miquel,Halloran,265794,Staff
Fan,Marsiglia,265875,Engineer
Fan,Marsiglia,265875,Senior Engineer
Sumant,Nishimukai,266249,Senior Staff
Ulises,Frolund,270084,Senior Staff
Ulises,Frolund,270084,Staff
Yolla,Kobara,273274,Engineer
Yefim,Pettey,274813,Senior Staff
Yefim,Pettey,274813,Staff
Ayakannu,Heinisuo,275801,Senior Staff
Hideyuki,Flanders,276472,Engineer
Hideyuki,Flanders,276472,Senior Engineer
Uzi,Kugler,277362,Senior Staff
Vasilii,Verhaegen,280029,Staff
Kish,Herbst,280525,Staff
Nahla,Serdy,282333,Senior Staff
Nahla,Serdy,282333,Staff
Candida,Felcyn,282699,Assistant Engineer
Candida,Felcyn,282699,Engineer
Martijn,Azevdeo,284711,Senior Engineer
Sasan,Deville,287436,Technique Leader
Fai,Maccarone,289687,Senior Staff
Fai,Maccarone,289687,Staff
Masaru,Huhdanpaa,292210,Engineer
Masaru,Huhdanpaa,292210,Senior Engineer
Siddarth,Rosiles,294461,Senior Engineer
Hironobu,Brodie,294652,Engineer
Hironobu,Brodie,294652,Senior Engineer
Kauko,Fujisawa,295236,Engineer
Kauko,Fujisawa,295236,Senior Engineer
Dipayan,Geffroy,296664,Senior Engineer
Florina,Litecky,298577,Senior Staff
Florina,Litecky,298577,Staff
Hilari,Christ,400046,Senior Staff
Oguz,Schurmann,401278,Assistant Engineer
Oguz,Schurmann,401278,Engineer
Jeanna,Rettelbach,402718,Engineer
Jeanna,Rettelbach,402718,Senior Engineer
Muneo,Gunderson,403237,Engineer
Muneo,Gunderson,403237,Senior Engineer
Masami,Merro,405372,Senior Staff
Masami,Merro,405372,Staff
Tommaso,Raczkowsky,407522,Staff
Divier,Ishibashi,409898,Engineer
Divier,Ishibashi,409898,Senior Engineer
Tadanori,Msuda,414027,Engineer
Tadanori,Msuda,414027,Senior Engineer
Somnath,Bierbaum,414461,Senior Staff
Ipke,Schneeberger,414662,Engineer
Ipke,Schneeberger,414662,Senior Engineer
Mrinalini,Bierbaum,415563,Engineer
Mrinalini,Bierbaum,415563,Senior Engineer
Gio,Orsini,416877,Senior Staff
Gio,Orsini,416877,Staff
Valeska,Rosenbaum,417128,Senior Engineer
Josyula,Motley,418239,Senior Engineer
Oscar,Oppitz,418247,Senior Staff
Oscar,Oppitz,418247,Staff
Gino,Uehara,418689,Senior Staff
Ymte,Dalton,418860,Senior Staff
Ymte,Dalton,418860,Staff
Susuma,Kitsuregawa,420086,Engineer
Susuma,Kitsuregawa,420086,Senior Engineer
Frazer,Barbanera,420694,Senior Staff
Frazer,Barbanera,420694,Staff
Willard,Morrin,420732,Senior Staff
Willard,Morrin,420732,Staff
Raimond,Solovay,420759,Staff
Khosrow,Erez,420877,Senior Staff
Khosrow,Erez,420877,Staff
Shichao,Thiria,421755,Assistant Engineer
Shichao,Thiria,421755,Engineer
Shichao,Thiria,421755,Senior Engineer
Kenton,Miara,422146,Engineer
Jagoda,Uhrig,422783,Engineer
Uma,Stranks,423204,Senior Staff
Uma,Stranks,423204,Staff
Gaurav,Fendler,426818,Senior Staff
Gaurav,Fendler,426818,Staff
Utpal,Kemmerer,427313,Senior Staff
Utpal,Kemmerer,427313,Staff
Ghassan,Androutsos,428219,Senior Staff
Ghassan,Androutsos,428219,Staff
Bader,Detkin,429040,Staff
Limsoon,Roohalamini,429381,Senior Staff
Limsoon,Roohalamini,429381,Staff
Subhada,Emmerich,429481,Engineer
Ung,Honglei,429703,Senior Staff
Ung,Honglei,429703,Staff
Khalil,Gien,430891,Senior Engineer
Hideo,Varman,431882,Engineer
Irena,Gulla,432089,Senior Engineer
Qunsheng,Birrer,432956,Senior Staff
Qunsheng,Birrer,432956,Staff
Genta,Pepe,435588,Senior Staff
Genta,Pepe,435588,Staff
Olivera,Bharadwaj,435774,Senior Staff
Olivera,Bharadwaj,435774,Staff
Ohad,Henders,436797,Senior Staff
Ohad,Henders,436797,Staff
Lidong,Swist,438557,Engineer
Kousuke,Levasseur,439905,Senior Staff
Kousuke,Levasseur,439905,Staff
Snehasis,Kalsbeek,440642,Senior Staff
Snehasis,Kalsbeek,440642,Staff
Chinho,Collette,441536,Senior Engineer
Ravishankar,Baig,442002,Senior Staff
Ravishankar,Baig,442002,Staff
Shir,Krone,443339,Staff
Tuval,Albarhamtoshy,445514,Technique Leader
Paris,Restivo,447613,Engineer
Paris,Restivo,447613,Senior Engineer
Make,Heuser,447877,Engineer
Make,Heuser,447877,Senior Engineer
Anyuan,Schwaller,448165,Senior Staff
Anyuan,Schwaller,448165,Staff
Chiradeep,Arlazarov,448918,Engineer
Chiradeep,Arlazarov,448918,Senior Engineer
Gill,Orlowska,450309,Technique Leader
Jaihie,Ozeri,451253,Senior Staff
Jaihie,Ozeri,451253,Staff
Alair,Nanard,452957,Staff
Lobel,Aloia,452982,Senior Staff
Weiye,Krohm,455415,Senior Staff
Weiye,Krohm,455415,Staff
Jinpo,Heyers,457146,Staff
Florian,Siepmann,457776,Engineer
Florian,Siepmann,457776,Senior Engineer
Sumali,Cooman,461801,Senior Staff
Sumali,Cooman,461801,Staff
Huiqun,Henders,464284,Senior Staff
Mariusz,Rikino,467392,Engineer
Mariusz,Rikino,467392,Senior Engineer
Margareta,Bondorf,467441,Engineer
Margareta,Bondorf,467441,Senior Engineer
Tsuneo,Skrikant,467918,Staff
Huei,Saoudi,468360,Technique Leader
Ranga,Lemarechal,468659,Engineer
Ranga,Lemarechal,468659,Senior Engineer
Baruch,Basawa,469253,Engineer
Baruch,Basawa,469253,Senior Engineer
Zhiguo,Staudhammer,470472,Engineer
Zhiguo,Staudhammer,470472,Senior Engineer
Arun,Zaccaria,471911,Assistant Engineer
Arun,Zaccaria,471911,Engineer
Khaled,Penn,473299,Senior Staff
Khaled,Penn,473299,Staff
Ung,Taubenfeld,474162,Engineer
Fumiyo,Feinberg,475258,Senior Staff
Fumiyo,Feinberg,475258,Staff
Doohun,Preusig,476361,Technique Leader
Bluma,Mundy,477969,Engineer
Bluma,Mundy,477969,Senior Engineer
Djenana,Erol,478218,Engineer
Ewing,Kalorkoti,479024,Engineer
Sukumar,Georg,480035,Senior Staff
Sukumar,Georg,480035,Staff
Uinam,Rahier,480178,Senior Staff
Uinam,Rahier,480178,Staff
Kwangyoen,Peck,482335,Engineer
Aral,Hebden,482905,Senior Staff
Sham,Kavanagh,483838,Assistant Engineer
Mihalis,Remmers,488707,Senior Staff
Mihalis,Remmers,488707,Staff
Kazunori,Orlowska,490240,Staff
Luise,Vigier,490557,Engineer
Luise,Vigier,490557,Senior Engineer
Zita,Reistad,490568,Senior Engineer
Kwangsub,Keirsey,491079,Senior Engineer
Giordano,Maquelin,496970,Senior Engineer
Danco,Debuse,496978,Senior Staff
Danco,Debuse,496978,Staff
Sanjiv,Bressoud,497174,Engineer
Sanjiv,Bressoud,497174,Senior Engineer
Gritta,Petereit,497660,Senior Engineer
Florian,Pezzoli,498635,Senior Staff
Florian,Pezzoli,498635,Staff
Danae,Honglei,499260,Engineer
Baoqiu,Kakkar,499495,Engineer
Kokou,Iisaka,10476,Senior Staff
Kokou,Iisaka,10476,Staff
Keiichiro,Glinert,12155,Engineer
Keiichiro,Glinert,12155,Senior Engineer
Caolyn,Setiz,14158,Senior Staff
Caolyn,Setiz,14158,Staff
Geoff,Soicher,15376,Senior Staff
Geoff,Soicher,15376,Staff
Gro,Gini,17799,Engineer
Surveyors,Crouzet,18617,Senior Staff
Surveyors,Crouzet,18617,Staff
Elzbieta,Morris,19236,Engineer
Elzbieta,Morris,19236,Senior Engineer
Tua,Giveon,28988,Technique Leader
Xumin,Thorensen,29130,Staff
Kolar,Steenbeek,29679,Senior Engineer
Kousuke,Vecchio,30007,Engineer
Kousuke,Vecchio,30007,Senior Engineer
Harngdar,Schapire,31514,Engineer
Harngdar,Schapire,31514,Senior Engineer
Erzsebet,Shigei,34533,Senior Engineer
Bokyung,Stamatiou,34936,Technique Leader
Ulf,Oberman,35798,Senior Engineer
Berni,Stranks,37592,Engineer
JoAnne,Baez,38550,Senior Engineer
Huei,Orsini,38593,Engineer
Huei,Orsini,38593,Senior Engineer
Changho,Cappelli,39036,Staff
Brigham,Eterovic,42911,Engineer
Brigham,Eterovic,42911,Senior Engineer
Mark,Schwaller,44900,Senior Staff
Mark,Schwaller,44900,Staff
Naraig,Jenevein,47515,Senior Engineer
Edwin,Haldar,47708,Senior Staff
Leen,Lamparter,48882,Engineer
Leen,Lamparter,48882,Senior Engineer
Mooi,Stafford,50311,Senior Engineer
Premsyl,Lortz,53278,Senior Staff
Premsyl,Lortz,53278,Staff
Sumant,Nergos,54795,Senior Staff
Sumant,Nergos,54795,Staff
Jianwen,Litzler,55799,Engineer
Jianwen,Litzler,55799,Senior Engineer
Ziya,Zambonelli,58454,Engineer
Steen,Salvesen,59966,Technique Leader
Leszek,Werthner,61147,Staff
Heeju,Cappelli,62033,Engineer
Heeju,Cappelli,62033,Senior Engineer
Shuky,Redmiles,69219,Senior Staff
Kristinn,Olano,71685,Senior Engineer
Takahira,Szilard,72918,Senior Staff
Takahira,Szilard,72918,Staff
Anneke,Bernardeschi,73743,Engineer
Yuuichi,Conde,74800,Assistant Engineer
Yuuichi,Conde,74800,Engineer
Yuuichi,Conde,74800,Senior Engineer
Zissis,Birch,75113,Engineer
Zissis,Birch,75113,Senior Engineer
Parviz,Duclos,76417,Senior Engineer
Katsuo,Hockney,79043,Technique Leader
Kazuhisa,Weiland,80067,Senior Staff
Kazuhisa,Weiland,80067,Staff
Poornachandra,Wilharm,82098,Engineer
Poornachandra,Wilharm,82098,Senior Engineer
Leaf,Baak,83544,Senior Staff
Leaf,Baak,83544,Staff
Zsolt,Hagimont,83941,Senior Staff
Zsolt,Hagimont,83941,Staff
Babette,Eugenio,84029,Staff
Kristina,Baumann,84315,Assistant Engineer
Ferdinand,Rosiles,85216,Senior Staff
Yongdong,Pollock,85445,Staff
Pasqua,Taubman,85874,Senior Staff
Kristine,Clemencon,86213,Senior Staff
Kristine,Clemencon,86213,Staff
Oldrich,Woycyznski,86546,Engineer
Oldrich,Woycyznski,86546,Senior Engineer
JoAnne,Anido,86672,Staff
Manohar,Karcich,88357,Staff
Guther,Rothenberg,89590,Senior Staff
Guther,Rothenberg,89590,Staff
Xiadong,Shinomoto,89806,Engineer
Xiadong,Shinomoto,89806,Senior Engineer
Arnould,Weedman,89941,Senior Staff
Yahiko,Hebden,91229,Engineer
Yahiko,Hebden,91229,Senior Engineer
Siamak,Janocha,91462,Engineer
Dmitry,Msuda,91648,Senior Staff
Dmitry,Msuda,91648,Staff
Zhanqiu,Farrow,92577,Assistant Engineer
Huei,Hutter,92920,Engineer
Huei,Hutter,92920,Senior Engineer
Aran,Cesareni,94416,Senior Staff
Kristinn,Loncour,95509,Engineer
Pranay,Rebaine,96100,Senior Engineer
Kokou,Garrabrants,96571,Senior Engineer
Anwar,Riexinger,97092,Engineer
Anwar,Riexinger,97092,Senior Engineer
Carrsten,Francisci,99377,Senior Engineer
Nectarios,Munos,101063,Senior Engineer
Abdelaziz,Sury,101487,Senior Staff
Abdelaziz,Sury,101487,Staff
Adin,Templeman,102620,Engineer
Doowon,Highland,103172,Engineer
Doowon,Highland,103172,Senior Engineer
Visit,Swen,103310,Senior Staff
Visit,Swen,103310,Staff
Jaber,Kleiser,105191,Engineer
Diederik,Matzov,105356,Engineer
Diederik,Matzov,105356,Senior Engineer
Mohamadou,Stafford,105432,Engineer
Mohamadou,Stafford,105432,Senior Engineer
Fabrizio,Chleq,107737,Senior Engineer
Jamaludin,Kandlur,109062,Senior Engineer
Akemi,Fujisaki,200312,Senior Engineer
Dinah,Denos,200735,Senior Staff
Dinah,Denos,200735,Staff
Gully,Perko,202403,Engineer
Gretta,Huttel,204425,Senior Engineer
Vasilii,Cochrane,206865,Engineer
Vasilii,Cochrane,206865,Senior Engineer
Tzu,Sichman,206966,Engineer
Tzu,Sichman,206966,Senior Engineer
Phillip,Schade,208653,Engineer
Phillip,Schade,208653,Senior Engineer
Domenico,Ratnaker,211858,Engineer
Domenico,Ratnaker,211858,Senior Engineer
Gao,Ranze,211879,Engineer
Gao,Ranze,211879,Senior Engineer
Claudi,Stanfel,212361,Engineer
Claudi,Stanfel,212361,Senior Engineer
Sivanarayana,Ranka,214184,Engineer
Peer,Molberg,214427,Engineer
Prasadram,Qiwen,214807,Assistant Engineer
Prasadram,Qiwen,214807,Engineer
Sahrah,Angiulli,216054,Senior Staff
Sahrah,Angiulli,216054,Staff
Lena,Lenart,216921,Senior Staff
Lena,Lenart,216921,Staff
Unal,DuBourdieux,218831,Engineer
Szabolcs,Georgatos,221699,Engineer
Gopalakrishnan,Suermann,222952,Engineer
Gopalakrishnan,Suermann,222952,Senior Engineer
Leaf,Awdeh,222998,Senior Staff
Leaf,Awdeh,222998,Staff
True,Shobatake,224390,Senior Staff
George,Miake,224934,Senior Staff
George,Miake,224934,Staff
Garnik,Luce,227899,Staff
Harjit,Terekhov,229248,Staff
Renny,Alameldin,230287,Assistant Engineer
Barry,Ramsak,232697,Engineer
Barry,Ramsak,232697,Senior Engineer
Tesuya,Bugrara,232723,Assistant Engineer
Tesuya,Bugrara,232723,Engineer
Guadalupe,Perri,237400,Technique Leader
Annemarie,Irland,237590,Staff
Vishv,Angelov,238422,Senior Staff
Vishv,Angelov,238422,Staff
Vesna,Fairtlough,239426,Engineer
Percy,Sudbeck,248953,Assistant Engineer
Georgi,Luiz,249969,Engineer
Georgi,Luiz,249969,Senior Engineer
Sanjeeva,Peron,252392,Engineer
Sanjeeva,Peron,252392,Senior Engineer
Huan,Roccetti,255466,Senior Engineer
Bezalel,Jording,256837,Staff
Adhemar,Dalphin,257624,Senior Staff
Adhemar,Dalphin,257624,Staff
Vugranam,Beausoleil,260249,Staff
Masako,Kornatzky,261184,Senior Engineer
Hideo,Buchter,263012,Staff
Mingsen,Lally,263645,Senior Engineer
Khalil,Mapelli,264001,Senior Engineer
Noritoshi,Bakhtari,264626,Senior Staff
Noritoshi,Bakhtari,264626,Staff
Zsolt,Anily,266206,Senior Staff
Zsolt,Anily,266206,Staff
Mokhtar,Sabnani,266881,Senior Staff
Mokhtar,Sabnani,266881,Staff
Wojceich,Honglei,267745,Engineer
Wojceich,Honglei,267745,Senior Engineer
Odoardo,Tyugu,271219,Engineer
Ranga,Waymire,274369,Senior Staff
Jiann,Munro,275881,Senior Engineer
Vitali,Rothenberg,277316,Senior Staff
Vitali,Rothenberg,277316,Staff
Hideo,Ratnakar,282000,Assistant Engineer
Hideo,Ratnakar,282000,Engineer
Hideo,Ratnakar,282000,Senior Engineer
Nahum,Codenie,282547,Engineer
Oksana,Redmiles,284687,Engineer
Oksana,Redmiles,284687,Senior Engineer
Xiaocheng,Kumaresan,285164,Staff
Shigeaki,Gihr,287482,Engineer
Shigeaki,Gihr,287482,Senior Engineer
Masoud,Asmuth,288166,Staff
Susumu,Swiss,288606,Senior Staff
Susumu,Swiss,288606,Staff
Soenke,Lemarechal,289807,Senior Staff
Soenke,Lemarechal,289807,Staff
Danai,Trelles,291352,Technique Leader
Sanjay,Litecky,293746,Engineer
Sanjay,Litecky,293746,Senior Engineer
Wilmer,Luke,296962,Technique Leader
Irena,Terkki,297474,Staff
Kamakshi,Badache,298479,Staff
Luisa,Itzfeldt,299580,Engineer
Poornachandra,Asser,400780,Engineer
Bodo,Halevi,400796,Engineer
Fai,Breugel,402223,Staff
Basem,Beausoleil,404788,Engineer
Jeanne,Kaminger,404879,Engineer
Marek,Tomescu,406239,Engineer
Marek,Tomescu,406239,Senior Engineer
Martien,Ranum,406537,Senior Engineer
Shridhar,Chleq,408019,Assistant Engineer
Shridhar,Chleq,408019,Engineer
Shridhar,Chleq,408019,Senior Engineer
Bikash,Vilarrasa,408435,Staff
Uno,Solares,408437,Senior Staff
Uno,Solares,408437,Staff
Sahrah,Mitchem,409112,Senior Staff
Sahrah,Mitchem,409112,Staff
Dekang,Tsunoo,409798,Technique Leader
Elliott,Copas,414551,Engineer
Elliott,Copas,414551,Senior Engineer
Aris,Sambasivam,414808,Engineer
Aris,Sambasivam,414808,Senior Engineer
Ewing,Baak,415234,Engineer
Shigeo,Emmart,415338,Assistant Engineer
Nectarios,Itschner,416383,Engineer
Nectarios,Itschner,416383,Senior Engineer
Atilio,Rajala,420681,Technique Leader
Renny,Bednarek,421384,Senior Staff
Renny,Bednarek,421384,Staff
Junichi,Rubsam,422450,Senior Engineer
Salvador,Peres,424845,Staff
Xuejun,Reeker,424930,Senior Staff
Xuejun,Reeker,424930,Staff
Alagu,Vieri,425535,Senior Staff
Alagu,Vieri,425535,Staff
Zejun,Broomell,426644,Engineer
Zejun,Broomell,426644,Senior Engineer
Gopalakrishnan,Mawatari,426824,Senior Staff
Gopalakrishnan,Mawatari,426824,Staff
Jaques,Gecsei,427823,Staff
Kazuyasu,Schmiedel,429231,Senior Staff
Kazuyasu,Schmiedel,429231,Staff
Jiann,Hofmeyr,429756,Staff
Renny,Gladwell,429954,Staff
Visit,Thiran,431657,Engineer
Visit,Thiran,431657,Senior Engineer
Monique,Baer,433640,Senior Staff
Yinghua,Panwar,435226,Senior Staff
Dines,DeMori,437276,Senior Staff
Dines,DeMori,437276,Staff
Kazuhide,Biran,437369,Senior Staff
Erez,Luft,437724,Staff
Rasikan,Barreiro,438264,Senior Staff
Rasikan,Barreiro,438264,Staff
Charlene,Verspoor,438723,Assistant Engineer
Charlene,Verspoor,438723,Engineer
Aimee,Billawala,441651,Engineer
Zengping,Cusworth,442312,Engineer
Zengping,Cusworth,442312,Senior Engineer
Heping,Skrikant,444070,Senior Staff
Heping,Skrikant,444070,Staff
Xinglin,Busillo,444228,Senior Engineer
Randi,Alblas,445201,Staff
Oscar,Baumann,445226,Engineer
Oscar,Baumann,445226,Senior Engineer
Masako,Dechter,445941,Technique Leader
Fay,Cochrane,446121,Staff
Jahangir,Bernatsky,449189,Senior Staff
Arra,Esposito,452206,Staff
Shigeichiro,Brattka,452347,Senior Staff
Shigeichiro,Brattka,452347,Staff
Berni,Takkinen,453644,Senior Staff
Berni,Takkinen,453644,Staff
Fai,Keirsey,453790,Engineer
Fai,Keirsey,453790,Senior Engineer
Stein,Perng,453913,Senior Staff
Stein,Perng,453913,Staff
Xiaoqiu,Pietracaprina,454791,Senior Engineer
Manohar,Rothenberg,455113,Staff
Soenke,Zaumen,455175,Senior Staff
Soenke,Zaumen,455175,Staff
Qiwen,Kriebel,455726,Senior Staff
Qiwen,Kriebel,455726,Staff
Giao,DuCasse,455814,Engineer
Giao,DuCasse,455814,Senior Engineer
Aloke,Neiman,456824,Technique Leader
Xudong,Peck,457411,Senior Engineer
Shahaf,Kitai,458726,Senior Staff
Shahaf,Kitai,458726,Staff
Ramya,Azadmanesh,458790,Engineer
Ramya,Azadmanesh,458790,Senior Engineer
Kaijung,Papadias,458919,Engineer
Munehiko,Gihr,460691,Senior Staff
Alenka,Barriga,463495,Senior Staff
Alenka,Barriga,463495,Staff
Vidar,Gunderson,465085,Senior Staff
Lakshmi,Frijda,465711,Engineer
Lakshmi,Frijda,465711,Senior Engineer
Przemyslawa,Borovoy,467176,Senior Staff
Przemyslawa,Borovoy,467176,Staff
Sivanarayana,Chandrasekhar,467886,Senior Staff
Kamakshi,Huhdanpaa,468417,Engineer
Kamakshi,Huhdanpaa,468417,Senior Engineer
Neven,Rikino,469529,Engineer
Neven,Rikino,469529,Senior Engineer
Arif,Stranks,469735,Senior Engineer
Feiyu,Decleir,471532,Technique Leader
Kazuhiko,Marshall,471939,Staff
Shin,Puoti,473824,Staff
Monique,Cyre,474372,Senior Staff
Monique,Cyre,474372,Staff
Marit,Paludetto,477578,Engineer
Marit,Paludetto,477578,Senior Engineer
Fumino,Narahara,478007,Engineer
Fumino,Narahara,478007,Senior Engineer
Masamitsu,Murrill,479695,Senior Staff
Masamitsu,Murrill,479695,Staff
Deniz,Bennis,480407,Engineer
Deniz,Bennis,480407,Senior Engineer
Anoosh,Wielonsky,480571,Engineer
Haldun,Erie,481790,Senior Engineer
Rosita,Pokrovskii,483401,Senior Staff
Marek,Mitchem,483825,Senior Engineer
Gladys,Parhami,485253,Senior Staff
Tonny,Kropf,486958,Engineer
Tonny,Kropf,486958,Senior Engineer
Breannda,Maquelin,488540,Senior Staff
Nimmagadda,Baja,488752,Senior Staff
Nimmagadda,Baja,488752,Staff
Matk,Chorvat,489755,Senior Staff
Matk,Chorvat,489755,Staff
Kersti,Miculan,489756,Senior Staff
Kersti,Miculan,489756,Staff
Gadiel,Perly,491632,Senior Staff
Gadiel,Perly,491632,Staff
Valeska,Cools,492000,Senior Staff
Valeska,Cools,492000,Staff
Arumugam,Pelc,498845,Senior Engineer
Dipayan,Seghrouchni,10291,Senior Staff
Dipayan,Seghrouchni,10291,Staff
Yongmao,Zwicker,11432,Engineer
Yongmao,Zwicker,11432,Senior Engineer
Bouchung,Bugrara,15058,Senior Staff
Bouchung,Bugrara,15058,Staff
Yaghout,Kenevan,17369,Engineer
Yaghout,Kenevan,17369,Senior Engineer
Mabhin,Calkin,17988,Engineer
Mabhin,Calkin,17988,Senior Engineer
Christoph,Trystram,20500,Senior Staff
Christoph,Trystram,20500,Staff
Jianhui,Cangellaris,21181,Assistant Engineer
Jianhui,Cangellaris,21181,Engineer
Perla,Jumpertz,22415,Senior Staff
Manibrata,Genther,22926,Engineer
Manibrata,Genther,22926,Senior Engineer
Hilari,Fairtlough,23396,Technique Leader
Shietung,Billingsley,26503,Senior Staff
Nevin,Rodham,26629,Senior Staff
Tooru,Veldwijk,27767,Senior Staff
Tooru,Veldwijk,27767,Staff
KayLiang,Miyakawa,27970,Technique Leader
Xinglin,Mitsuhashi,28193,Engineer
Xinglin,Mitsuhashi,28193,Senior Engineer
Valery,Mersereau,29418,Assistant Engineer
Gudjon,Majewski,30695,Senior Engineer
Mark,Lalonde,31568,Staff
Toong,Veldwijk,31629,Assistant Engineer
Toong,Veldwijk,31629,Engineer
Atreye,Stanger,32552,Assistant Engineer
Atreye,Stanger,32552,Engineer
Uma,Reinhard,36733,Staff
Hailing,Levergood,36844,Staff
Nakhoon,Buescher,37719,Assistant Engineer
Nakhoon,Buescher,37719,Engineer
Ulf,Himler,38017,Staff
Masasuke,Babu,38103,Engineer
Masasuke,Babu,38103,Senior Engineer
Toshiki,Ghazalie,40269,Senior Staff
Toshiki,Ghazalie,40269,Staff
Wayne,Erev,40648,Staff
Shuji,Remmers,42778,Senior Staff
Shuji,Remmers,42778,Staff
Yucel,Lortz,42955,Engineer
Maha,Waterhouse,43154,Senior Staff
Maha,Waterhouse,43154,Staff
Dulce,Speel,45162,Engineer
Dulce,Speel,45162,Senior Engineer
Weiye,Masand,46015,Staff
Junsik,Berendt,46811,Senior Engineer
Trygve,Krupka,52283,Senior Staff
Trygve,Krupka,52283,Staff
Sham,Vasanthakumar,53431,Senior Staff
Jiafu,Marchegay,53597,Engineer
Jiafu,Marchegay,53597,Senior Engineer
Olivera,Hanabata,56428,Senior Staff
Olivera,Hanabata,56428,Staff
Roded,Picco,56682,Assistant Engineer
Gennady,Liesche,58819,Senior Staff
Sastry,Reeken,61983,Staff
Akeel,Litzler,62384,Senior Staff
Tetsushi,Tanemo,63294,Engineer
Tetsushi,Tanemo,63294,Senior Engineer
Yonghong,Baig,66757,Staff
Fumitaka,Roohalamini,67548,Staff
Yucai,Seghrouchni,68608,Engineer
Yucai,Seghrouchni,68608,Senior Engineer
Jaques,DiGiano,68648,Technique Leader
Lalit,Unni,69936,Assistant Engineer
Cathie,Peck,71334,Engineer
Cathie,Peck,71334,Senior Engineer
Shigeo,Merey,73233,Senior Engineer
Qingxiang,Badache,73516,Engineer
Qingxiang,Badache,73516,Senior Engineer
Shuky,Jakobus,75354,Engineer
Shuky,Jakobus,75354,Senior Engineer
Chiradeep,Meriste,76178,Senior Engineer
Tristan,Mitsuhashi,76640,Engineer
Tristan,Mitsuhashi,76640,Senior Engineer
Ronghao,Picaronny,77815,Assistant Engineer
Ronghao,Picaronny,77815,Engineer
Ashish,Ratnaker,78106,Senior Staff
Tsuneo,Servi,79190,Staff
Denny,Griswold,79239,Senior Engineer
Sanjoy,Barreiro,79763,Senior Staff
Sanjoy,Barreiro,79763,Staff
Larisa,Kornyak,81545,Technique Leader
Uwe,Koblick,82511,Engineer
Manohar,Harllee,83805,Senior Engineer
Shunichi,Solovay,83922,Engineer
Shunichi,Solovay,83922,Senior Engineer
Janalee,Loncour,84494,Staff
Tommaso,Vidya,84508,Engineer
Jaewon,Thummel,86422,Senior Staff
Jaewon,Thummel,86422,Staff
Conor,Thorensen,87783,Senior Engineer
Vojin,Coombs,88958,Senior Staff
Vojin,Coombs,88958,Staff
Pranjal,Rossi,89664,Staff
Brigham,Luiz,90116,Assistant Engineer
Mang,Atchley,92685,Senior Staff
Rasiah,Koblick,95314,Senior Staff
Rasiah,Koblick,95314,Staff
Alair,Lyonns,95406,Engineer
Avishai,Hegner,97661,Senior Staff
Avishai,Hegner,97661,Staff
Sumali,Huttel,98288,Senior Staff
Sumali,Huttel,98288,Staff
Ziya,Kadhim,98306,Senior Engineer
Florina,Assaf,98639,Staff
Mahendra,Motley,99654,Senior Staff
Mahendra,Motley,99654,Staff
Susanne,Peternell,103316,Engineer
Susanne,Peternell,103316,Senior Engineer
Zongyan,Auyong,104962,Engineer
Nevio,Thisen,106242,Senior Staff
Nevio,Thisen,106242,Staff
Lijie,Garrabrants,106695,Senior Staff
Lijie,Garrabrants,106695,Staff
Babette,Anandan,106710,Senior Staff
Babette,Anandan,106710,Staff
Shahab,Luit,200176,Senior Staff
Shahab,Luit,200176,Staff
Odinaldo,Bridgland,201180,Assistant Engineer
Alejandra,Khasidashvili,201229,Staff
Sudharsan,DeMori,201915,Engineer
Sudharsan,DeMori,201915,Senior Engineer
Yefim,Marwedel,203946,Senior Staff
Yefim,Marwedel,203946,Staff
Masasuke,Makinen,205362,Staff
Stabislas,Broder,205627,Engineer
Stabislas,Broder,205627,Senior Engineer
Youjian,Yetto,205699,Senior Staff
Youjian,Yetto,205699,Staff
Limsoon,Skafidas,205789,Senior Staff
Temple,Joslin,206372,Engineer
Chinya,Kamble,207779,Senior Staff
Manu,Rothenberg,208147,Engineer
Manu,Rothenberg,208147,Senior Engineer
Dante,Covnot,209565,Senior Staff
Dante,Covnot,209565,Staff
Lihong,Zeilberger,210292,Staff
Saniya,Stenning,210752,Senior Staff
Saniya,Stenning,210752,Staff
Werner,Ranze,210786,Staff
Tomokazu,Byoun,212074,Engineer
Munehiro,Manders,215629,Senior Staff
Munehiro,Manders,215629,Staff
Xiaocheng,Suermann,216502,Engineer
Eckart,Foong,218829,Staff
Subhrajyoti,Denna,219417,Staff
Moie,Zastre,219497,Technique Leader
Demos,Asser,220029,Senior Engineer
Poornachandra,Zielinski,220582,Senior Staff
Poornachandra,Zielinski,220582,Staff
Nahid,Gyimothy,220699,Staff
Perla,Orlowska,220799,Senior Engineer
Matt,Chvatal,222319,Senior Engineer
Annemarie,Zallocco,222878,Engineer
Annemarie,Zallocco,222878,Senior Engineer
Perry,Chachaty,224335,Engineer
Perry,Chachaty,224335,Senior Engineer
Masasuke,Genin,225601,Assistant Engineer
Masasuke,Genin,225601,Engineer
Mikhail,Rousseau,227681,Staff
Bilhanan,Brendel,228554,Senior Staff
Berry,Yurek,229098,Senior Staff
Tadahiro,Backhouse,230002,Engineer
Tadahiro,Backhouse,230002,Senior Engineer
Takushi,Brattka,230865,Staff
Murthy,Angiulli,233247,Engineer
Murthy,Angiulli,233247,Senior Engineer
Irena,Dratva,235017,Senior Staff
Irena,Dratva,235017,Staff
Yechezkel,Maginnis,236566,Senior Staff
Yechezkel,Maginnis,236566,Staff
Huan,Olivero,236883,Staff
Uno,Suppi,238252,Staff
Minghong,Cronin,238949,Senior Staff
Mizuhito,Kobara,240132,Senior Staff
Mizuhito,Kobara,240132,Staff
True,Tischendorf,240236,Engineer
True,Tischendorf,240236,Senior Engineer
Temple,Cyre,240438,Senior Staff
Temple,Cyre,240438,Staff
Uri,Lampe,241292,Senior Staff
Uri,Lampe,241292,Staff
Maya,Anandan,241952,Staff
Hidde,Papsdorf,242237,Senior Staff
Rosli,Butner,244711,Assistant Engineer
Rosli,Butner,244711,Engineer
Poorav,Clouatre,244714,Senior Engineer
Valeska,Lupu,248094,Staff
Jolita,Neimat,249799,Engineer
Jolita,Neimat,249799,Senior Engineer
Shichao,Iwayama,251437,Assistant Engineer
Shichao,Iwayama,251437,Engineer
Gill,Niizuma,252316,Engineer
Gill,Niizuma,252316,Senior Engineer
Stafford,Terlouw,253838,Assistant Engineer
Hongzue,Barbanera,256856,Senior Staff
Hongzue,Barbanera,256856,Staff
Pascal,Bernatsky,257378,Senior Staff
Pascal,Bernatsky,257378,Staff
Tayeb,Veevers,258363,Staff
Przemyslawa,Esposito,258643,Engineer
Przemyslawa,Esposito,258643,Senior Engineer
Palash,Gammage,259237,Senior Staff
Palash,Gammage,259237,Staff
Reinhold,Rahier,260361,Engineer
Jianhua,Huttel,261631,Engineer
Gila,Ramsak,261986,Senior Engineer
Izaskun,Moffat,262741,Senior Staff
Izaskun,Moffat,262741,Staff
LiMin,Teitelbaum,268191,Engineer
LiMin,Teitelbaum,268191,Senior Engineer
Naftali,Kragelund,269728,Senior Staff
Naftali,Kragelund,269728,Staff
Taisook,Kampfer,271106,Engineer
Divine,Hofmeyr,273159,Technique Leader
Limsoon,Leppanen,275444,Engineer
Limsoon,Leppanen,275444,Senior Engineer
Rayond,Schach,277420,Engineer
Rayond,Schach,277420,Senior Engineer
Hironoby,Farrar,280411,Technique Leader
Alper,Shinomoto,282191,Engineer
Sanjai,Kopetz,283168,Assistant Engineer
Gal,Ranta,284717,Engineer
Gal,Ranta,284717,Senior Engineer
Toshimitsu,Seuren,286370,Senior Staff
Toshimitsu,Seuren,286370,Staff
Youjian,Felder,287327,Senior Staff
Youjian,Felder,287327,Staff
Elliott,Speer,287334,Engineer
Aamod,Ranka,287713,Senior Staff
Mooi,Perfilyeva,287822,Engineer
Shay,Heystek,288142,Senior Staff
Shay,Heystek,288142,Staff
Horward,Khasidashvili,288665,Senior Engineer
Constantijn,Rusterholz,291349,Staff
Vesna,Lammel,294791,Assistant Engineer
Shawna,Chiodo,295476,Engineer
Yannik,Falco,401574,Technique Leader
Toshimitsu,Sluis,403010,Senior Engineer
Marko,Velardi,403455,Engineer
Marko,Velardi,403455,Senior Engineer
Georgi,Portugali,406125,Technique Leader
Parviz,Picco,406564,Engineer
Malu,Ossenbruggen,406714,Senior Staff
Malu,Ossenbruggen,406714,Staff
Irene,Sethi,408163,Senior Engineer
Kazuhisa,Riesenhuber,410433,Senior Engineer
Kitty,Halloran,410703,Staff
Goncalo,Barbanera,411143,Senior Staff
Anneli,Pappas,411906,Engineer
Geoff,Peck,412315,Staff
Marco,Jahnichen,413832,Senior Staff
Chinho,Delgrande,414714,Senior Staff
Conal,Shackell,415363,Senior Staff
Conal,Shackell,415363,Staff
Kannan,Meriste,416492,Senior Engineer
Tokuyasu,Xiaoshan,416720,Engineer
Tokuyasu,Xiaoshan,416720,Senior Engineer
Shigeaki,Butner,421022,Senior Staff
Heping,Monarch,423350,Senior Staff
Heping,Monarch,423350,Staff
Wojceich,Butterworth,423516,Senior Engineer
Mariusz,Tokunaga,423633,Senior Engineer
Supot,Badache,426228,Engineer
Danco,Rajala,426235,Senior Staff
Danco,Rajala,426235,Staff
Serap,Bahi,426611,Engineer
Xudong,Muntz,426683,Engineer
Karsten,Kawashima,426706,Engineer
Karsten,Kawashima,426706,Senior Engineer
Sandeepan,Kulisch,426819,Engineer
Torsten,Ranta,427571,Engineer
Torsten,Ranta,427571,Senior Engineer
Adil,Kieras,427852,Senior Engineer
Chenyi,Demian,428235,Senior Engineer
Amabile,Koyama,430981,Senior Staff
Amabile,Koyama,430981,Staff
Alair,Straney,432121,Senior Staff
Alair,Straney,432121,Staff
Takahiro,Maquelin,432523,Engineer
Wonhee,Benveniste,433465,Senior Staff
Kazuhide,Fiutem,435181,Senior Staff
Kazuhide,Fiutem,435181,Staff
Conal,Basart,435370,Senior Staff
Feixiong,Haraldson,436915,Staff
Kerhong,Lorho,437870,Staff
Shaw,Varman,438158,Senior Engineer
Sandeepan,Rosti,440435,Senior Engineer
Manton,Schapiro,440997,Senior Staff
Miquel,Legleitner,441197,Senior Staff
Miquel,Legleitner,441197,Staff
Martijn,DiGiano,442096,Senior Engineer
Navid,Luke,442490,Engineer
Aksel,Gire,442898,Engineer
Bernd,Conia,443632,Staff
Berna,Schonegge,444643,Staff
Takahiro,Dalton,446897,Technique Leader
Aram,Passino,446959,Senior Engineer
Stabislas,Kakkad,447544,Senior Staff
Mong,Dichev,448769,Technique Leader
Mabry,Knightly,449966,Staff
Eldridge,Pargaonkar,450371,Engineer
Eldridge,Pargaonkar,450371,Senior Engineer
Fei,Gadepally,452365,Assistant Engineer
Fei,Gadepally,452365,Engineer
Mohan,Picht,454994,Engineer
Mohan,Picht,454994,Senior Engineer
Peer,Angelopoulos,455914,Engineer
Peer,Angelopoulos,455914,Senior Engineer
Xumin,Beidas,457337,Technique Leader
Foong,Gargeya,457813,Engineer
Foong,Gargeya,457813,Senior Engineer
Jackson,Zielinski,457832,Senior Engineer
Arch,Picco,457938,Senior Staff
Arch,Picco,457938,Staff
Somnath,Cummings,462795,Senior Staff
Somnath,Cummings,462795,Staff
Herb,Picht,465874,Assistant Engineer
Jaber,Sethi,463472,Technique Leader
Herb,Picht,465874,Engineer
Girolamo,Schlumberger,476055,Senior Staff
Aiman,Wilfing,469366,Engineer
Aiman,Wilfing,469366,Senior Engineer
Mayuko,Clouatre,474763,Engineer
Nigel,Zirintsis,471397,Engineer
Girolamo,Schlumberger,476055,Staff
Kayoko,Bahi,479601,Staff
Gaurav,Cheshire,480268,Technique Leader
Shaw,Borovoy,478799,Senior Staff
Shaowei,Back,482756,Senior Staff
Irena,Baalen,488632,Staff
Mahmut,Bolotov,485817,Engineer
Ekawit,Schaft,487988,Senior Staff
Ekawit,Schaft,487988,Staff
Phule,Ruemmler,484756,Engineer
Phule,Ruemmler,484756,Senior Engineer
Charmane,Pargas,491596,Engineer
Bogdan,Pepe,489465,Engineer
Kensyu,Tsunoo,488482,Engineer
Charmane,Pargas,491596,Senior Engineer
Masasuke,Koprowski,494493,Staff
Heekeun,Verhaegen,492217,Senior Engineer
Panayotis,Hempstead,491162,Senior Engineer
Gill,Varman,491478,Senior Staff
Gill,Varman,491478,Staff
Geraldo,Gerteisen,498456,Senior Staff
Bezalel,Himler,494978,Staff
Yongmao,Pouyioutas,494995,Senior Staff
Yongmao,Pouyioutas,494995,Staff
Geraldo,Gerteisen,498456,Staff
Morrie,Schurmann,12643,Staff
Ohad,Esposito,10122,Technique Leader
Nikolaos,Kruskal,15050,Engineer
Denny,Tchuente,14075,Assistant Engineer
Denny,Tchuente,14075,Engineer
Nikolaos,Kruskal,15050,Senior Engineer
Zengping,Boreale,17447,Staff
Gaurav,Swick,16528,Assistant Engineer
Gaurav,Swick,16528,Engineer
Alagu,Luders,21534,Staff
Candida,Benveniste,20313,Engineer
Adil,Matzke,18021,Engineer
Adil,Matzke,18021,Senior Engineer
Piyush,Danecki,21188,Engineer
Ingmar,Basawa,25488,Senior Staff
Barry,Unno,22455,Senior Staff
Barry,Unno,22455,Staff
Ingmar,Basawa,25488,Staff
Divine,Sidhu,31147,Senior Staff
Lubomir,Wroclawski,24377,Engineer
Lubomir,Wroclawski,24377,Senior Engineer
Anwar,Passafiume,24553,Senior Staff
Anwar,Passafiume,24553,Staff
Cordelia,Gischer,24571,Engineer
Cordelia,Gischer,24571,Senior Engineer
Serif,Gladwell,36521,Senior Staff
Naftaly,Foong,34452,Engineer
Naftaly,Foong,34452,Senior Engineer
Murthy,Peek,31909,Engineer
Ennio,Babu,34788,Senior Engineer
Serif,Gladwell,36521,Staff
Bikash,Buchter,41137,Senior Staff
Bikash,Buchter,41137,Staff
Shaleah,Eickenmeyer,42950,Senior Staff
Michaela,Ramsak,40765,Senior Staff
Michaela,Ramsak,40765,Staff
Youpyo,Castellani,40785,Engineer
Marla,Cherinka,40983,Technique Leader
Chikako,Armand,52038,Senior Engineer
Phillip,Oxenboll,43848,Engineer
Boguslaw,Snedden,50670,Senior Staff
Boguslaw,Snedden,50670,Staff
Siddarth,Cappelletti,49464,Staff
Chriss,Fasbender,51036,Staff
Rosine,Lakshmanan,51142,Engineer
Rosine,Lakshmanan,51142,Senior Engineer
Adas,Denti,52386,Senior Staff
Arup,Colorni,52639,Senior Staff
Adas,Denti,52386,Staff
Ulf,Ranft,55670,Senior Staff
Khalil,Picci,52956,Engineer
Khalil,Picci,52956,Senior Engineer
Etsuo,Serot,54632,Senior Staff
Etsuo,Serot,54632,Staff
Manu,Erva,53746,Staff
Rildo,Masaki,60875,Engineer
Rildo,Masaki,60875,Senior Engineer
Mariusz,Vural,58384,Engineer
Mariusz,Vural,58384,Senior Engineer
Yechiam,Cairo,58497,Senior Staff
Heekeun,Emmart,60000,Assistant Engineer
Heekeun,Emmart,60000,Engineer
Surveyors,Bade,60091,Senior Staff
Surveyors,Bade,60091,Staff
Dannz,Ohori,61377,Senior Staff
Dannz,Ohori,61377,Staff
Feiyu,Siepmann,72194,Senior Engineer
Tru,Miyakawa,70469,Senior Staff
Tru,Miyakawa,70469,Staff
Zsolt,Brender,64632,Senior Staff
Shin,Piveteau,64790,Engineer
Shin,Piveteau,64790,Senior Engineer
Shietung,Shrader,69052,Senior Staff
Naraig,Veldwijk,72232,Engineer
Adil,Laventhal,71745,Assistant Engineer
Adil,Laventhal,71745,Engineer
Naraig,Veldwijk,72232,Senior Engineer
Guiseppe,Ellozy,79171,Senior Engineer
Jeong,Cunliffe,79310,Senior Staff
Marl,Litzkow,79640,Staff
Sreekrishna,Brender,81995,Engineer
Sreekrishna,Brender,81995,Senior Engineer
Ohad,Kilgore,83714,Engineer
Ohad,Kilgore,83714,Senior Engineer
Alselm,Rikino,82928,Engineer
Alselm,Rikino,82928,Senior Engineer
Eberhardt,Barriga,84236,Senior Staff
Shigeichiro,Engelmann,83289,Engineer
Shigeichiro,Engelmann,83289,Senior Engineer
Eberhardt,Barriga,84236,Staff
Yongmin,Roccetti,87729,Senior Staff
Yongmin,Roccetti,87729,Staff
Lobel,Stafford,91333,Staff
Conal,Yetto,89161,Senior Staff
Conal,Yetto,89161,Staff
Mansur,Comyn,89346,Engineer
Kazuhira,Seiwald,89487,Engineer
Rajmohan,DasSarma,90692,Senior Staff
Rajmohan,DasSarma,90692,Staff
Rimli,Werthner,93794,Engineer
Rimli,Werthner,93794,Senior Engineer
Kristin,Guerreiro,95286,Engineer
Kazuyasu,Sridhar,94690,Staff
Arie,Coullard,93549,Senior Staff
Arie,Coullard,93549,Staff
Kristina,Neimat,93600,Technique Leader
Shigenori,Stanfel,94787,Staff
Kristin,Guerreiro,95286,Senior Engineer
Shen,Flanders,208330,Senior Staff
Heejo,Aamodt,100916,Engineer
Heejo,Aamodt,100916,Senior Engineer
Shahab,Crooks,107792,Senior Staff
Shahab,Crooks,107792,Staff
Annemarie,Peternell,202031,Engineer
Jessie,Nooteboom,204117,Staff
Susuma,Bergere,204133,Senior Staff
Kerhong,Matzke,202826,Engineer
Kerhong,Matzke,202826,Senior Engineer
Hein,Lichtner,204470,Senior Staff
Hein,Lichtner,204470,Staff
Susanne,Mandelberg,204764,Engineer
Susanne,Mandelberg,204764,Senior Engineer
Jacqueline,Akaboshi,207021,Engineer
Shen,Flanders,208330,Staff
Gopalakrishnan,Angel,214866,Engineer
Arco,Crouzet,210610,Assistant Engineer
Arco,Crouzet,210610,Engineer
Gopalakrishnan,Angel,214866,Senior Engineer
Kristine,Bierman,219035,Technique Leader
Sven,Speer,215746,Staff
Marsal,Acton,219052,Staff
Giordano,Gini,226216,Technique Leader
Reinhard,Slaats,220131,Engineer
Reinhard,Slaats,220131,Senior Engineer
Poorav,Laventhal,220418,Staff
Saddek,Farris,221367,Senior Staff
Annemarie,Bressoud,224135,Engineer
IEEE,Kroll,228098,Engineer
Pohua,Tasistro,229386,Technique Leader
Gilbert,Kilgour,229404,Staff
Etsuo,Anandan,232178,Senior Staff
Fabrizio,Lichtman,229220,Engineer
Fabrizio,Lichtman,229220,Senior Engineer
Chandrasekaran,Pearson,231671,Staff
Etsuo,Anandan,232178,Staff
Kazunori,Perz,243077,Senior Engineer
Alselm,Gargeya,233114,Senior Engineer
Kolar,Greenaway,240285,Staff
Mack,Staylopatis,240340,Engineer
Mack,Staylopatis,240340,Senior Engineer
Bingning,Iisaku,242500,Senior Staff
Bingning,Iisaku,242500,Staff
Frazer,Flanders,242611,Engineer
Shigenori,Hertweck,244820,Engineer
Shigenori,Hertweck,244820,Senior Engineer
Abdulah,Lodder,243576,Senior Staff
Abdulah,Lodder,243576,Staff
Filipp,Winter,245164,Engineer
Filipp,Winter,245164,Senior Engineer
Huiqun,Trystram,253893,Senior Engineer
Ute,Pokrovskii,249325,Staff
Shaowei,Nicolson,257484,Senior Staff
Heejo,Merle,255779,Technique Leader
Shaowei,Nicolson,257484,Staff
Mrinalini,Holburn,262208,Senior Staff
Xiaoqiang,Farrow,259042,Staff
Kwok,Journel,260083,Staff
Parke,Serna,266689,Senior Engineer
Tsutomu,Neiman,272141,Senior Staff
Irena,Kaiserswerth,267667,Senior Staff
Irena,Kaiserswerth,267667,Staff
Moie,Tempesti,267059,Senior Staff
Moie,Tempesti,267059,Staff
Tsutomu,Neiman,272141,Staff
Surveyors,Muhling,272316,Engineer
Herbert,Itzigehl,277777,Senior Engineer
Gunilla,Matzen,273858,Senior Staff
Gunilla,Matzen,273858,Staff
Minghong,Candan,272860,Assistant Engineer
Uma,Prampolini,275994,Engineer
Uma,Prampolini,275994,Senior Engineer
Jaana,Werthner,278549,Senior Staff
Jaana,Werthner,278549,Staff
Lenore,Badache,280291,Staff
Khosrow,Sommen,281692,Senior Engineer
Masanao,Papastamatiou,281859,Engineer
Masanao,Papastamatiou,281859,Senior Engineer
Niranjan,Debuse,279280,Engineer
Niranjan,Debuse,279280,Senior Engineer
Chiranjit,Lyonns,279791,Assistant Engineer
Chiranjit,Lyonns,279791,Engineer
Steve,Dengi,287323,Staff
Ishfaq,Mahmud,284300,Senior Staff
Ishfaq,Mahmud,284300,Staff
Duri,Beznosov,284561,Senior Engineer
Jovan,Hockney,287583,Engineer
Nahum,Nishimukai,286573,Engineer
Nahum,Nishimukai,286573,Senior Engineer
Jovan,Hockney,287583,Senior Engineer
Hongzue,Zultner,292404,Senior Staff
Kauko,Narwekar,288028,Engineer
Kauko,Narwekar,288028,Senior Engineer
Yifei,Birjandi,288560,Senior Staff
Yifei,Birjandi,288560,Staff
Takanari,Ermel,294144,Senior Staff
Ziya,Tokunaga,292828,Engineer
Ziya,Tokunaga,292828,Senior Engineer
Takanari,Ermel,294144,Staff
Tomoyuki,Vigier,294996,Senior Staff
Moon,Pews,295262,Assistant Engineer
Marl,Fiebach,294241,Senior Staff
Marl,Fiebach,294241,Staff
Mariangiola,Heyers,296303,Technique Leader
Sailaja,Fujisaki,297954,Assistant Engineer
Pranav,Berztiss,296610,Senior Engineer
Lokesh,Saoudi,297232,Senior Staff
Tesuya,Mansanne,297243,Senior Staff
Denny,Shobatake,299718,Senior Staff
Cathie,Ratnakar,297431,Senior Staff
Denny,Shobatake,299718,Staff
Shigehito,Duclos,402025,Engineer
Pranay,Kambil,401364,Senior Staff
Zita,Syang,298953,Staff
Yishai,Sessa,400344,Engineer
Shigehito,Duclos,402025,Senior Engineer
Valery,Babb,404018,Senior Engineer
Naraig,Snyers,406249,Senior Engineer
Morris,Fargier,405015,Senior Staff
Morris,Fargier,405015,Staff
Tonia,Shigei,410592,Staff
Fei,Erez,407837,Engineer
Fei,Erez,407837,Senior Engineer
Willard,Verspoor,409391,Engineer
Hsiangchu,Taubenfeld,413098,Senior Staff
Xiadong,McClurg,410028,Senior Staff
Xiadong,McClurg,410028,Staff
Mitsuyuki,Jeansoulin,412404,Senior Engineer
Hsiangchu,Taubenfeld,413098,Staff
Juyoung,Willoner,414897,Senior Staff
Bernd,Anick,414543,Senior Engineer
Juyoung,Willoner,414897,Staff
Mamdouh,Ramamoorthy,427320,Senior Engineer
Aemilian,Zedlitz,421039,Engineer
Nathalie,Luke,416660,Assistant Engineer
Nathalie,Luke,416660,Engineer
Nathalie,Luke,416660,Senior Engineer
Shahaf,Luce,426153,Senior Staff
Ronghao,Alpin,428082,Senior Staff
Ronghao,Alpin,428082,Staff
Hatsukazu,Rosca,428195,Senior Staff
Hatsukazu,Rosca,428195,Staff
Nimmagadda,Kusakari,428294,Engineer
Bedir,Reeken,431353,Senior Staff
Kwangjo,Hiltgen,432257,Engineer
Arve,Bergere,432261,Engineer
Arve,Bergere,432261,Senior Engineer
Nalini,Perly,432890,Senior Engineer
Fumiya,Chappelet,429569,Assistant Engineer
Fumiya,Chappelet,429569,Engineer
Masamitsu,Back,431576,Senior Staff
Masamitsu,Back,431576,Staff
Poorav,Ranst,431887,Senior Engineer
Moie,Lieblein,435060,Staff
Keiichiro,Miyakawa,433438,Senior Staff
Keiichiro,Miyakawa,433438,Staff
Greger,Babb,434384,Senior Staff
Subir,Greibach,436558,Senior Engineer
Lena,Giaccio,438038,Senior Staff
Feixiong,Schurmann,435289,Senior Staff
Feixiong,Schurmann,435289,Staff
Leszek,Marchegay,441954,Engineer
Apostol,Gruenwald,445456,Engineer
Marke,Klerer,443485,Senior Staff
Van,Nations,445570,Technique Leader
Gaurav,Roison,445723,Senior Staff
Gaurav,Roison,445723,Staff
Dannz,Miara,447018,Engineer
Dannz,Miara,447018,Senior Engineer
Mart,Talmor,448900,Staff
Sedat,Rande,450888,Senior Staff
Sedat,Rande,450888,Staff
Bartek,Snyers,452196,Senior Staff
Bartek,Snyers,452196,Staff
Sugwoo,Weiland,453996,Senior Engineer
Nechama,Ermel,454736,Engineer
Khoa,Bahk,455243,Senior Engineer
Mang,Sundgren,455296,Engineer
Tetsurou,Schreiter,456767,Senior Staff
Tetsurou,Schreiter,456767,Staff
Gay,Plavsic,457070,Senior Staff
Mohammed,Georg,454338,Engineer
Gina,Ossenbruggen,454378,Technique Leader
Gay,Plavsic,457070,Staff
Berna,Ranst,457489,Engineer
Berna,Ranst,457489,Senior Engineer
Sampalli,Francisci,462067,Senior Staff
Val,Rissanen,459172,Assistant Engineer
Val,Rissanen,459172,Engineer
Reuven,Oehlmann,470456,Senior Staff
Deborah,Basawa,461723,Assistant Engineer
Tokuyasu,Ghelli,465076,Engineer
Tokuyasu,Ghelli,465076,Senior Engineer
Reuven,Oehlmann,470456,Staff
Yahiko,Sommen,472143,Senior Staff
Basem,Lortz,471552,Staff
Christophe,Leaver,475538,Staff
Hugo,Sgarro,473268,Senior Staff
Pantung,Reeker,473490,Senior Staff
Pantung,Reeker,473490,Staff
Zongyan,Shackel,474796,Technique Leader
Rimon,Pietracaprina,475965,Engineer
Rimon,Pietracaprina,475965,Senior Engineer
Reinhold,Binkley,476327,Engineer
Reinhold,Binkley,476327,Senior Engineer
Xuejia,Leppanen,472440,Staff
Yuichiro,Bale,478439,Technique Leader
Arun,Katzenelson,478768,Engineer
Randi,Tomescu,479407,Assistant Engineer
Randi,Tomescu,479407,Engineer
Randi,Tomescu,479407,Senior Engineer
Arun,Katzenelson,478768,Senior Engineer
Sven,Hinsberger,482278,Senior Engineer
Padma,Delgrange,499194,Senior Staff
Phillip,Munch,483213,Technique Leader
Yoshimitsu,Litvinov,485799,Senior Staff
Jiong,Zultner,488693,Senior Engineer
Oldrich,Adachi,497007,Engineer
Oldrich,Adachi,497007,Senior Engineer
Fayez,Keohane,497340,Senior Staff
Caolyn,Marciano,498185,Senior Engineer
Nakhoon,Luga,14907,Senior Staff
Nakhoon,Luga,14907,Staff
Filipp,Rousseau,18424,Engineer
Remmert,Schahn,16461,Senior Staff
Remmert,Schahn,16461,Staff
Filipp,Rousseau,18424,Senior Engineer
Ziva,Kowalchuk,19803,Engineer
Filipp,Carrere,17970,Technique Leader
Ziva,Kowalchuk,19803,Senior Engineer
Wanqing,Krohm,27331,Senior Staff
Wanqing,Krohm,27331,Staff
Piyawadee,Leppanen,27378,Senior Staff
Falguni,Pezzoli,27699,Engineer
Berto,Bruckman,26617,Engineer
Jiakeng,Kalorkoti,26671,Engineer
Jiakeng,Kalorkoti,26671,Senior Engineer
Mayuko,Skafidas,30154,Technique Leader
Angel,Sichman,34077,Senior Staff
Qingxiang,Gewali,31599,Engineer
Sailaja,Chvatal,30484,Staff
Steen,Fasbender,33215,Technique Leader
Angel,Sichman,34077,Staff
Chandrasekaran,Peek,35441,Engineer
Jiang,Waschkowski,35044,Engineer
Jiang,Waschkowski,35044,Senior Engineer
Chandrasekaran,Peek,35441,Senior Engineer
Volkmar,Uhrik,44959,Engineer
Shuichi,Ruemmler,38947,Senior Staff
Shuichi,Ruemmler,38947,Staff
Keung,Schapiro,41518,Senior Engineer
Xiong,Uhrik,41520,Senior Engineer
Suzette,Butterworth,37945,Senior Engineer
Harngdar,Bernardinello,40536,Engineer
Harngdar,Bernardinello,40536,Senior Engineer
Volkmar,Uhrik,44959,Senior Engineer
Gonzalo,Binkley,47262,Engineer
Gonzalo,Binkley,47262,Senior Engineer
Juyoung,Vieri,47702,Senior Staff
Juyoung,Vieri,47702,Staff
Fumiko,Mundy,51118,Staff
Sariel,Massonet,48275,Senior Staff
Sariel,Massonet,48275,Staff
Jouni,Munoz,52590,Senior Staff
Remmert,Munke,51868,Assistant Engineer
Jouni,Munoz,52590,Staff
Lobel,Werthner,52970,Engineer
Lobel,Werthner,52970,Senior Engineer
Shaowen,Segond,54198,Engineer
Mechthild,Lamma,53088,Engineer
Mechthild,Lamma,53088,Senior Engineer
Shaowen,Segond,54198,Senior Engineer
Breannda,Cangellaris,54800,Staff
Remzi,Douceur,56209,Engineer
Remzi,Douceur,56209,Senior Engineer
Menkae,Chinin,56847,Senior Engineer
Sungwon,Asser,58601,Staff
Paloma,Benzaken,57982,Senior Staff
Jeanna,Stemann,60559,Engineer
Jeanna,Stemann,60559,Senior Engineer
Domenico,Candan,66382,Engineer
Zsolt,Riefers,59869,Senior Staff
Zsolt,Riefers,59869,Staff
Kasidit,Papsdorf,61541,Engineer
Kasidit,Papsdorf,61541,Senior Engineer
Adel,Bressoud,62245,Engineer
Sedat,Itzigehl,63706,Engineer
Laurentiu,Benzmuller,64023,Senior Engineer
Jianhao,Tomescu,66643,Engineer
Sadok,Lorys,67320,Senior Staff
Patricia,Pepe,65883,Senior Staff
Patricia,Pepe,65883,Staff
Mandell,Alameldin,65998,Senior Staff
Mandell,Alameldin,65998,Staff
Behnaam,Angelov,70780,Assistant Engineer
Teiji,Hinsberger,78171,Senior Staff
Tesuro,Nicolson,77157,Staff
Holgard,Weiland,74200,Senior Engineer
Shakhar,Baik,80203,Staff
Faiza,Garnham,77030,Technique Leader
Arnd,Peir,79606,Senior Engineer
Stella,Figueira,80432,Senior Staff
Stella,Figueira,80432,Staff
Stevo,Thambidurai,82351,Senior Staff
Koldo,Luit,80850,Engineer
Koldo,Luit,80850,Senior Engineer
Shiv,Aumann,84451,Senior Engineer
Jaewon,Boissier,81105,Engineer
Jaewon,Boissier,81105,Senior Engineer
Gen,Aloisi,81619,Engineer
Gen,Aloisi,81619,Senior Engineer
Sverrir,Neimat,84840,Staff
Vivian,Guerreiro,90077,Assistant Engineer
Udi,Merks,85702,Engineer
Goo,Bresenham,88103,Senior Staff
Jungsoon,Birsak,88422,Technique Leader
Chiradeep,Callaway,85414,Staff
Vivian,Guerreiro,90077,Engineer
Magy,Eiron,90366,Senior Staff
Beshir,Hellwagner,103342,Engineer
Anyuan,Kropatsch,92846,Senior Staff
Anyuan,Kropatsch,92846,Staff
Jaques,Kabayashi,93040,Senior Engineer
Girolamo,Bellmore,92443,Senior Staff
Ranga,Merro,92598,Assistant Engineer
Dhritiman,Anily,99590,Staff
Chenye,Zizka,109547,Senior Staff
Chenye,Zizka,109547,Staff
Godehard,Chorvat,109953,Senior Staff
Godehard,Chorvat,109953,Staff
Moty,Winter,109252,Technique Leader
Chuanti,Luff,200267,Senior Staff
Chuanti,Luff,200267,Staff
Kirk,Quaggetto,200363,Engineer
Kirk,Quaggetto,200363,Senior Engineer
Anneli,Perl,201708,Senior Staff
Anneli,Perl,201708,Staff
Kien,Barreiro,205660,Staff
Zvonko,Murthy,202414,Senior Staff
Dharmaraja,Merlo,202581,Staff
Giordano,Pietrzykowski,202950,Senior Staff
Arve,Worfolk,204246,Senior Staff
Arve,Worfolk,204246,Staff
Adhemar,Leonhardt,209456,Engineer
Larisa,Lukaszewicz,208639,Senior Staff
Larisa,Lukaszewicz,208639,Staff
Qingxiang,Swan,212810,Senior Staff
Anwar,Bain,211967,Engineer
Anwar,Bain,211967,Senior Engineer
Qingxiang,Swan,212810,Staff
Francoise,Rullman,216246,Staff
Pranas,Narwekar,213384,Engineer
Pranas,Narwekar,213384,Senior Engineer
Shirish,Vickson,214634,Engineer
Shirish,Vickson,214634,Senior Engineer
Dinkar,Hoppenstand,214995,Engineer
Aiichiro,Cromarty,216342,Engineer
Aiichiro,Cromarty,216342,Senior Engineer
Jiong,Garnham,218100,Senior Staff
Jiong,Garnham,218100,Staff
Yuping,Babb,220611,Senior Staff
Yuchang,Eldridge,217272,Senior Staff
Yuchang,Eldridge,217272,Staff
Yuping,Babb,220611,Staff
Stein,Uludag,222206,Senior Staff
Djenana,Marrevee,221435,Engineer
Djenana,Marrevee,221435,Senior Engineer
Stein,Uludag,222206,Staff
Bezalel,Radivojevic,230126,Senior Staff
Filipe,Erol,229207,Senior Engineer
Kazuhiko,Kushner,222770,Senior Engineer
Nahla,Smailagic,228766,Engineer
Nahla,Smailagic,228766,Senior Engineer
Bezalel,Radivojevic,230126,Staff
Shahar,Negoita,230579,Senior Staff
Nectarios,Pramanik,231459,Assistant Engineer
Shahar,Negoita,230579,Staff
Luerbio,Terkki,234195,Senior Staff
Peternela,Klerer,232496,Staff
Khalid,Lenart,233394,Engineer
Luerbio,Terkki,234195,Staff
Gift,Bottner,245396,Senior Staff
Guangming,Marquardt,239581,Staff
Richara,Sudkamp,242104,Senior Staff
Richara,Sudkamp,242104,Staff
Arch,Basawa,243898,Staff
Tzu,Impagliazzo,234278,Staff
Kazuyasu,Levergood,242800,Engineer
Masoud,Suwa,244605,Senior Staff
Masoud,Suwa,244605,Staff
Boaz,Seuren,244624,Senior Staff
Boaz,Seuren,244624,Staff
Gift,Bottner,245396,Staff
Dmitry,Velardi,249504,Engineer
Shuzo,Czaja,246764,Staff
Manohar,Kilgore,245664,Staff
Dmitry,Velardi,249504,Senior Engineer
Mitsuyuki,Zockler,251814,Technique Leader
Zito,Alvarado,252241,Senior Staff
Oldrich,Cyre,255657,Engineer
Utpal,DuBourdieux,251403,Technique Leader
Oldrich,Cyre,255657,Senior Engineer
Dzung,Pargas,260501,Technique Leader
Gunilla,Brendel,254044,Engineer
Gunilla,Brendel,254044,Senior Engineer
Ioana,Jakobus,256881,Engineer
Ioana,Jakobus,256881,Senior Engineer
Heather,Pehl,256888,Staff
Serenella,Couchot,254916,Senior Staff
Xiahua,Gomatam,259273,Senior Engineer
Abdulah,Horswill,263721,Engineer
Berni,Assaf,261662,Senior Staff
Volkmar,Czaja,261990,Senior Staff
Volkmar,Czaja,261990,Staff
Wonhee,Vrecion,262154,Engineer
Wonhee,Vrecion,262154,Senior Engineer
Danny,Lowrie,263186,Technique Leader
Shakhar,Ranze,263370,Staff
Kensei,Salverda,265521,Engineer
Kensei,Salverda,265521,Senior Engineer
Susuma,Kleiser,265558,Senior Staff
Susuma,Kleiser,265558,Staff
Narain,Mikschl,268043,Engineer
Somnath,Uhrik,268890,Engineer
Jordanka,Axelband,267304,Senior Staff
Mayuri,Flowers,267504,Staff
Somnath,Nitsche,271118,Assistant Engineer
Vitali,Dayang,269186,Technique Leader
Somnath,Nitsche,271118,Engineer
Somnath,Nitsche,271118,Senior Engineer
Holgard,Hegner,272599,Senior Staff
Holgard,Hegner,272599,Staff
Prodip,Ritcey,274271,Senior Staff
Gully,Mitchem,272285,Senior Staff
Gully,Mitchem,272285,Staff
Prodip,Ritcey,274271,Staff
Shaunak,Solovay,277926,Senior Staff
Koldo,Peternell,278484,Staff
Xinglin,Haldar,282343,Senior Staff
Maren,DuCasse,279115,Engineer
Jeanna,Ghandeharizadeh,278953,Senior Engineer
Zijian,Covnot,281570,Assistant Engineer
Xinglin,Haldar,282343,Staff
Zijian,Lammel,282585,Staff
Arnould,Buescher,285906,Engineer
Pintsang,Fujisawa,284431,Senior Staff
Pintsang,Fujisawa,284431,Staff
Theron,Ressouche,284691,Engineer
Theron,Ressouche,284691,Senior Engineer
Anneke,Hammerschmidt,284954,Engineer
Utpal,Zaumen,286026,Senior Staff
IEEE,VanScheik,288134,Staff
Hilari,Vecchio,289909,Senior Staff
Hilari,Vecchio,289909,Staff
Sailaja,Negoita,287609,Assistant Engineer
Sailaja,Negoita,287609,Engineer
Sailaja,Negoita,287609,Senior Engineer
Utpal,Zaumen,286026,Staff
Moti,Steenbeek,293280,Engineer
Shigehiro,Oxenboll,290563,Senior Engineer
Lalit,Blokdijk,290769,Senior Engineer
Gita,Rodier,291368,Staff
Moti,Steenbeek,293280,Senior Engineer
Fumiya,Griswold,293329,Engineer
Fumiya,Griswold,293329,Senior Engineer
Shuky,Journel,292901,Engineer
Shuky,Journel,292901,Senior Engineer
Fun,Keirsey,295030,Senior Staff
Caolyn,Ozeri,294857,Engineer
Caolyn,Ozeri,294857,Senior Engineer
Charmane,Simmen,296428,Senior Staff
Charmane,Simmen,296428,Staff
Bokyung,Plump,296621,Technique Leader
Shaz,Driscoll,296062,Staff
Jacopo,Bellone,295255,Technique Leader
Subhada,Janetzko,402664,Senior Engineer
King,Benzmuller,298339,Engineer
King,Benzmuller,298339,Senior Engineer
Kamakshi,Manders,400683,Staff
Fumitake,Sichman,299346,Senior Staff
Danae,Kragelund,401154,Senior Staff
Danae,Kragelund,401154,Staff
Florian,Uhrig,401420,Senior Staff
Zengping,Kakkar,404236,Engineer
Deborah,Kaminger,403621,Senior Staff
Deborah,Kaminger,403621,Staff
Krisda,Hainaut,403644,Senior Staff
Krisda,Hainaut,403644,Staff
Zengping,Kakkar,404236,Senior Engineer
Jeanna,Bratten,403954,Engineer
Jeanna,Bratten,403954,Senior Engineer
Anestis,Setlzner,404462,Engineer
Anestis,Setlzner,404462,Senior Engineer
Gudjon,Kalorkoti,410616,Engineer
Mayuri,Werthner,408447,Senior Staff
Mayuri,Werthner,408447,Staff
Alexius,Crouzet,406847,Staff
Gudjon,Kalorkoti,410616,Senior Engineer
Elvia,Schwartzburd,413554,Engineer
Dayanand,Wielonsky,414814,Staff
Koichi,Grabner,410881,Senior Engineer
Martine,Cangellaris,411082,Engineer
Martine,Cangellaris,411082,Senior Engineer
Heon,Broomell,419099,Staff
Danel,Petereit,418309,Engineer
Danel,Petereit,418309,Senior Engineer
Mabhin,Eastman,420557,Senior Staff
Arunachalam,Magliocco,418717,Senior Staff
Arunachalam,Magliocco,418717,Staff
Mabhin,Eastman,420557,Staff
Garnik,Randt,421033,Senior Staff
Ung,Orlowski,419953,Senior Staff
Garnik,Randt,421033,Staff
Ung,Orlowski,419953,Staff
Kaijung,Mateescu,426168,Senior Staff
Abdulah,Remmele,422263,Staff
Changho,Veevers,424685,Senior Staff
Jacqueline,Zallocco,424805,Senior Staff
Jacqueline,Zallocco,424805,Staff
Tsutomu,Tetzlaff,423214,Senior Staff
Tsutomu,Tetzlaff,423214,Staff
Kaijung,Mateescu,426168,Staff
Jamaludin,Kalorkoti,428160,Senior Staff
Jamaludin,Kalorkoti,428160,Staff
Adamantios,Matzat,432031,Senior Staff
Adas,Chinen,429419,Senior Staff
Adas,Chinen,429419,Staff
Adamantios,Matzat,432031,Staff
Toshiko,Ibel,432787,Senior Engineer
Claudi,Heijenga,441965,Senior Staff
Tzvetan,Scharstein,440450,Senior Staff
Tzvetan,Scharstein,440450,Staff
Sahrah,Rosis,434936,Engineer
Sahrah,Rosis,434936,Senior Engineer
Gunilla,Kisuki,439924,Senior Staff
Gunilla,Kisuki,439924,Staff
Claudi,Heijenga,441965,Staff
Kousuke,Worfolk,444099,Senior Staff
Kousuke,Worfolk,444099,Staff
Dmitri,Rousseau,447191,Engineer
Maria,Miculan,447290,Engineer
Maria,Miculan,447290,Senior Engineer
Indrajit,Krogh,457611,Engineer
Kamakshi,Hebert,447966,Engineer
Kamakshi,Hebert,447966,Senior Engineer
Shiv,Vilarrasa,447999,Engineer
Shiv,Vilarrasa,447999,Senior Engineer
Hinrich,Perin,449984,Engineer
Hinrich,Perin,449984,Senior Engineer
Selwyn,Henseler,450184,Senior Engineer
Selwyn,Munoz,450421,Engineer
Gou,Thombley,452956,Senior Engineer
Gao,Lally,453154,Staff
Luisa,Baig,455284,Engineer
Luisa,Baig,455284,Senior Engineer
Pramod,Wendorf,459356,Engineer
Yoshinari,Lanteri,460707,Engineer
Yoshinari,Lanteri,460707,Senior Engineer
Yechezkel,Nourani,466603,Senior Staff
Yechezkel,Nourani,466603,Staff
Hein,Jonsson,469867,Senior Staff
Kwan,Kampfer,465853,Staff
Hein,Jonsson,469867,Staff
Zhenbing,Ibel,472790,Senior Engineer
Hongzhu,Ruemmler,469399,Engineer
Yuping,Kuhnemann,476488,Technique Leader
Godehard,Chinal,472052,Assistant Engineer
Rasikan,Khalil,474918,Engineer
Hidekazu,Perna,478858,Staff
Sungwon,Kornyak,474257,Staff
Suebskul,Menhardt,480066,Engineer
Suebskul,Menhardt,480066,Senior Engineer
Shaunak,Brizzi,482885,Assistant Engineer
Shaunak,Brizzi,482885,Engineer
Shaunak,Brizzi,482885,Senior Engineer
Changho,Gaughan,488414,Engineer
Teiji,Marrakchi,481764,Senior Engineer
Dung,Tanemo,483978,Senior Staff
Dung,Tanemo,483978,Staff
Zhigen,Raney,487008,Senior Staff
Wuxu,Garigliano,488788,Senior Staff
Wuxu,Garigliano,488788,Staff
Kendra,Junet,488984,Senior Staff
Kendra,Junet,488984,Staff
Francoise,Hegner,488095,Senior Staff
Georgy,Bennis,488619,Engineer
Paris,Lieblein,497391,Engineer
Phule,Dahlbom,494088,Engineer
Phule,Dahlbom,494088,Senior Engineer
Urs,Rande,499160,Staff
Kazuhiko,Sidou,13499,Technique Leader
Shuho,Laurillard,497835,Technique Leader
Naraig,Docker,498337,Staff
Magdalena,Cannard,14127,Engineer
Magdalena,Cannard,14127,Senior Engineer
Valeri,Escriba,20712,Engineer
Kazunori,Peak,20128,Senior Staff
Vidar,Demri,20248,Staff
Chenxi,Sundgren,28974,Senior Engineer
Karsten,Azadmanesh,21843,Senior Engineer
Zhonghui,Conta,24394,Staff
Zongyan,Dalphin,26788,Engineer
Zongyan,Dalphin,26788,Senior Engineer
Leon,Potthoff,30182,Engineer
Leon,Potthoff,30182,Senior Engineer
Randi,Avouris,30465,Engineer
Randi,Avouris,30465,Senior Engineer
Yishai,Terlouw,30552,Engineer
Yishai,Terlouw,30552,Senior Engineer
Anwar,Collette,33722,Senior Engineer
Jouko,Hellwagner,29782,Senior Engineer
Kyoichi,Callaway,34261,Senior Staff
Kyoichi,Callaway,34261,Staff
Jeong,Undy,37070,Senior Staff
Jeong,Undy,37070,Staff
Shimshon,Aingworth,40773,Senior Staff
Shimshon,Aingworth,40773,Staff
Huei,Boguraev,43733,Senior Staff
Petter,Thummel,41114,Technique Leader
Huei,Boguraev,43733,Staff
Sariel,Wynblatt,44962,Assistant Engineer
Ottavia,Mitsuhashi,43358,Staff
Mingzeng,Sadowski,44540,Senior Engineer
Bodo,Schade,53874,Senior Staff
Theirry,Albarhamtoshy,51057,Senior Staff
Theirry,Albarhamtoshy,51057,Staff
Xinan,Rindone,50293,Engineer
Bodo,Schade,53874,Staff
Adit,Syrotiuk,55640,Engineer
Alain,Penn,52778,Technique Leader
Zdislav,Mandelberg,53499,Engineer
Zdislav,Mandelberg,53499,Senior Engineer
Adit,Syrotiuk,55640,Senior Engineer
Nagui,Gruenwald,56829,Engineer
Makato,Remmers,56105,Engineer
Makato,Remmers,56105,Senior Engineer
Erzsebet,Claffy,60238,Staff
Zissis,Bazzichi,59329,Staff
Faiza,Zongker,64431,Technique Leader
Woody,Rusmann,61873,Assistant Engineer
Woody,Rusmann,61873,Engineer
Falguni,Cherinka,63631,Senior Engineer
Moty,Mersereau,60821,Senior Staff
Moty,Mersereau,60821,Staff
Bedir,Siegrist,60845,Engineer
Tetsushi,Sridhar,60959,Senior Staff
Tetsushi,Sridhar,60959,Staff
Atilio,Segond,64532,Engineer
Atilio,Segond,64532,Senior Engineer
Honglan,Hutton,72640,Engineer
Krister,Pappas,64828,Staff
Jeane,Tasistro,65171,Technique Leader
Honglan,Hutton,72640,Senior Engineer
Masako,Bonifati,74668,Senior Staff
Xinglin,Birge,77303,Senior Staff
Bartek,Cappello,73903,Engineer
Hiroyasu,Provine,74344,Engineer
Keung,Ferriere,76598,Engineer
Xinglin,Birge,77303,Staff
Conor,Ghandeharizadeh,78871,Senior Engineer
Younwoo,Luders,85288,Engineer
Harjit,Bardell,80948,Engineer
Harjit,Bardell,80948,Senior Engineer
Zejun,Roisin,84163,Senior Staff
Shuichi,Nanard,84179,Senior Engineer
Younwoo,Luders,85288,Senior Engineer
Quingbo,Coombs,87353,Senior Engineer
Maia,Berstel,86324,Engineer
Maia,Berstel,86324,Senior Engineer
Ronghao,Segond,86354,Senior Engineer
Mikhail,Gimbel,87458,Senior Staff
Zhenhua,Lorys,86655,Engineer
Lena,Cannane,88411,Engineer
Gunilla,Milicic,91256,Staff
Kwun,Reeker,105342,Technique Leader
Kazuhisa,Melter,91172,Senior Staff
Kazuhisa,Melter,91172,Staff
Lucien,Schwartzburd,91182,Engineer
Lucien,Schwartzburd,91182,Senior Engineer
Richara,Walston,93220,Senior Engineer
Yishai,Cappelli,95181,Staff
Gianluca,Ramaiah,95416,Engineer
Shugo,Reeken,99057,Staff
Xiaobin,Christianini,99373,Senior Staff
Xiaobin,Christianini,99373,Staff
Pranjal,Zyda,104133,Senior Staff
Pranjal,Zyda,104133,Staff
Fumiko,Chepyzhov,90518,Senior Staff
Fumiko,Chepyzhov,90518,Staff
Aria,Kilgore,92438,Engineer
Aria,Kilgore,92438,Senior Engineer
Mohan,Tasistro,96579,Engineer
Arumugam,Vecchio,96767,Engineer
Arumugam,Vecchio,96767,Senior Engineer
Haldun,Lienhardt,105520,Senior Staff
Otilia,Speek,106514,Senior Engineer
Gor,Delgrande,109211,Engineer
Gor,Delgrande,109211,Senior Engineer
Leszek,Spinelli,205174,Staff
Zongyan,Gips,203495,Technique Leader
Ewing,DiGiano,203599,Technique Leader
Stamatina,Auyong,109598,Senior Staff
Armond,Perly,213447,Engineer
Remko,Vieth,207980,Senior Staff
Remko,Vieth,207980,Staff
Debatosh,Rajala,212131,Staff
Rayond,Klassen,214391,Senior Staff
Rayond,Klassen,214391,Staff
Arfst,Chepyzhov,214789,Engineer
Arfst,Chepyzhov,214789,Senior Engineer
Otmar,Engberts,217026,Senior Staff
Otmar,Engberts,217026,Staff
Shuji,Barbanera,207401,Senior Staff
Shuji,Barbanera,207401,Staff
Nimmagadda,Baak,209712,Assistant Engineer
Nimmagadda,Baak,209712,Engineer
Roded,Veevers,209945,Engineer
Yongmao,Fontan,213016,Engineer
Yongmao,Fontan,213016,Senior Engineer
Xiaoqiang,Cardazo,214215,Senior Staff
Flemming,Kroha,215419,Staff
Yannik,Spelt,217286,Technique Leader
Abdelwaheb,Denis,217320,Engineer
Horward,Marzano,217363,Staff
Armond,Perly,213447,Senior Engineer
Shay,Servieres,217800,Senior Staff
Sibyl,Rabehasaina,220528,Senior Staff
Badri,Schapire,222616,Assistant Engineer
Macha,Schnabel,227476,Engineer
Lein,Delaune,222701,Senior Staff
Sangeeta,Kalefeld,221973,Senior Staff
Sangeeta,Kalefeld,221973,Staff
Macha,Schnabel,227476,Senior Engineer
Kwangho,Petereit,229352,Engineer
Yuriy,Plump,228248,Senior Staff
Yuriy,Plump,228248,Staff
Toshiki,Raney,230821,Staff
Trygve,Siksek,231069,Staff
Etsuo,Usery,233426,Engineer
Moni,Schach,229547,Senior Staff
Moni,Schach,229547,Staff
Mokhtar,Sherertz,229690,Senior Staff
Mokhtar,Sherertz,229690,Staff
Nitsan,Rouquie,232209,Engineer
Nitsan,Rouquie,232209,Senior Engineer
Etsuo,Usery,233426,Senior Engineer
Sverrir,Gyimothy,235096,Senior Staff
Sverrir,Gyimothy,235096,Staff
Brendon,Fritzsche,237289,Staff
Baziley,Ballarin,233785,Senior Staff
Baziley,Ballarin,233785,Staff
Kellie,Heydon,233818,Engineer
Kellie,Heydon,233818,Senior Engineer
Almudena,Rijckaert,236827,Engineer
Almudena,Rijckaert,236827,Senior Engineer
Abdulla,Kitai,239244,Senior Staff
Abdulla,Kitai,239244,Staff
Heather,Luef,240011,Technique Leader
Miomir,Frezza,238112,Technique Leader
Bluma,Fetvedt,241872,Senior Staff
Cedric,Molenaar,241100,Engineer
Cedric,Molenaar,241100,Senior Engineer
Bluma,Fetvedt,241872,Staff
Herb,Murrill,242019,Senior Engineer
Marjo,Delgrange,243637,Senior Staff
Paddy,Nittel,242867,Engineer
Bowen,Deverell,243018,Senior Staff
Marjo,Delgrange,243637,Staff
Abdelghani,Lagarias,247888,Engineer
Abdelghani,Lagarias,247888,Senior Engineer
Pintsang,Impagliazzo,251301,Senior Staff
Ayonca,Matzov,249433,Engineer
Ayonca,Matzov,249433,Senior Engineer
Divier,Kumaresan,251341,Senior Staff
Divier,Kumaresan,251341,Staff
Mamdouh,Lodder,254591,Staff
Thodoros,Thimonier,253029,Engineer
Conal,Magliocco,259619,Senior Staff
Stepehn,Bouloucos,259718,Senior Staff
Stepehn,Bouloucos,259718,Staff
Mayuko,Vural,262328,Staff
Fei,Rebaine,260545,Senior Engineer
Jixiang,Loncour,262548,Engineer
Tamiya,Reutenauer,262636,Senior Engineer
Anwar,Gubsky,266644,Senior Staff
Piyush,Gill,262928,Engineer
Piyush,Gill,262928,Senior Engineer
Leandro,Swist,264322,Senior Staff
Leandro,Swist,264322,Staff
Siddarth,Luke,264715,Staff
Anwar,Gubsky,266644,Staff
Shunichi,Baer,270716,Staff
Susuma,Tagansky,267227,Engineer
Susuma,Tagansky,267227,Senior Engineer
Rimli,Walston,269568,Staff
Dannz,Zhang,270794,Senior Staff
Sudhanshu,Toyoshima,278452,Senior Staff
Hongzhu,Beetstra,273806,Senior Staff
Hongzhu,Beetstra,273806,Staff
Alois,Sanella,276868,Staff
Yongmin,Sidje,276922,Engineer
Sudhanshu,Toyoshima,278452,Staff
Munenori,Shobatake,278536,Senior Staff
Munenori,Shobatake,278536,Staff
Hugo,Comte,279384,Senior Staff
Fumitake,Marchegay,281834,Assistant Engineer
Heeju,Lorys,280648,Engineer
Heeju,Lorys,280648,Senior Engineer
Fun,Seiwald,284045,Engineer
Vivian,Hennebert,288848,Staff
Moto,Kobara,284856,Engineer
Moto,Kobara,284856,Senior Engineer
Nahum,Schahn,285149,Senior Engineer
Theron,Ravishankar,285318,Engineer
Theron,Ravishankar,285318,Senior Engineer
Vidar,Ozeki,287808,Technique Leader
Randi,Munos,287983,Senior Staff
Fox,Lodder,290010,Staff
Shaowen,Poulakidas,290467,Senior Staff
Nikolaus,Akaboshi,289122,Staff
Bowen,Narwekar,289454,Senior Engineer
Shaowen,Poulakidas,290467,Staff
Georgi,Bednarek,292504,Engineer
Siamak,Gomatam,291612,Engineer
Georgi,Bednarek,292504,Senior Engineer
Ashish,Candan,294527,Senior Staff
Jungsoon,Bail,293752,Senior Staff
Jungsoon,Bail,293752,Staff
Palash,Spieker,296687,Senior Staff
Hideyuki,Slaats,293080,Senior Staff
Palash,Spieker,296687,Staff
Martins,Shokrollahi,401333,Engineer
Vasilis,Ginneken,297804,Engineer
Patricio,Itzfeldt,299737,Senior Staff
Patricio,Itzfeldt,299737,Staff
Kersti,Granlund,402102,Engineer
Martins,Shokrollahi,401333,Senior Engineer
Eberhardt,Spelt,404573,Staff
Weidon,Pollacia,402827,Senior Staff
Weidon,Pollacia,402827,Staff
Manu,Junet,404755,Senior Staff
Manu,Junet,404755,Staff
Alain,Lieberherr,416074,Engineer
Remco,Duclos,413666,Senior Staff
Remco,Duclos,413666,Staff
Harjit,Ernst,413729,Technique Leader
Geoffrey,Ladret,408114,Engineer
Duri,Mitina,410372,Engineer
Duri,Mitina,410372,Senior Engineer
Alain,Lieberherr,416074,Senior Engineer
Arvin,Pusterhofer,418298,Engineer
Shooichi,Vandervoorde,416892,Engineer
Bouchung,Zaumen,417435,Senior Staff
Arvin,Pusterhofer,418298,Senior Engineer
Kazuhide,Snedden,418566,Senior Engineer
Zhaofang,Falster,421074,Senior Staff
Zhaofang,Falster,421074,Staff
Mariangiola,Bashian,421312,Engineer
Hidde,Riexinger,420599,Engineer
Hidde,Riexinger,420599,Senior Engineer
Seshu,Kolvik,423993,Technique Leader
Yongdong,Jiang,425757,Senior Staff
Erzsebet,Setiz,430054,Engineer
Vasilis,Waleschkowski,424984,Engineer
Paddy,Zumaque,425540,Senior Staff
Mariusz,Ritcey,427659,Engineer
Hugh,Senzako,429087,Technique Leader
Danco,Luff,424569,Engineer
Huican,Lunn,426795,Senior Staff
Huican,Lunn,426795,Staff
Weijing,Viele,426958,Engineer
Weijing,Viele,426958,Senior Engineer
Theron,Billawala,428917,Assistant Engineer
Theron,Billawala,428917,Engineer
Theron,Billawala,428917,Senior Engineer
Mona,Luck,429238,Senior Staff
Seshu,Hiraishi,429316,Senior Staff
Seshu,Hiraishi,429316,Staff
Tadanori,Fujisawa,429553,Technique Leader
Erzsebet,Setiz,430054,Senior Engineer
Flemming,Driscoll,432665,Engineer
Janalee,Lanzelotte,430593,Senior Staff
Flemming,Driscoll,432665,Senior Engineer
Gennady,Rouquie,447135,Senior Staff
Vatsa,Ramsay,443873,Senior Staff
Vatsa,Ramsay,443873,Staff
Irena,Cesareni,444208,Senior Staff
Prasadram,Bultermann,444465,Senior Engineer
Yuping,Papastamatiou,446785,Engineer
Sham,Chiodo,435664,Senior Engineer
Hercules,Speer,435791,Engineer
Hercules,Speer,435791,Senior Engineer
Douadi,Sullins,440325,Senior Staff
Christfried,Atrawala,443108,Senior Staff
Eldridge,Kawashima,445067,Engineer
Eldridge,Kawashima,445067,Senior Engineer
Heping,Peac,445152,Senior Staff
Heping,Peac,445152,Staff
DAIDA,Frolund,450817,Engineer
DAIDA,Frolund,450817,Senior Engineer
Chanjung,Raoux,450934,Engineer
Chanjung,Raoux,450934,Senior Engineer
Yuriy,Ponthieu,450936,Senior Staff
Yuriy,Ponthieu,450936,Staff
Mari,Fargier,452970,Senior Engineer
Radhika,Bonifati,451333,Senior Staff
Aran,Rosenbaum,453070,Senior Staff
Aran,Rosenbaum,453070,Staff
Mrinalini,Mawatari,461270,Staff
Ewing,Rajala,453760,Senior Staff
Ewing,Rajala,453760,Staff
Florian,Tramer,458111,Engineer
Ramya,Rossi,463212,Senior Engineer
Paloma,Gerlach,462493,Engineer
Paloma,Gerlach,462493,Senior Engineer
Mrinalini,Gire,465501,Senior Staff
Stafford,Gist,465062,Engineer
Stafford,Gist,465062,Senior Engineer
Mrinalini,Gire,465501,Staff
Baziley,Brookner,468773,Engineer
Boalin,Birsak,466745,Senior Staff
Boalin,Birsak,466745,Staff
Stepehn,Markovitch,466911,Staff
Bezalel,Verhoeff,466509,Engineer
Bezalel,Verhoeff,466509,Senior Engineer
Baziley,Brookner,468773,Senior Engineer
Weidon,Fordan,472950,Senior Engineer
Nadjib,Comellas,469104,Engineer
Nadjib,Comellas,469104,Senior Engineer
Weiyi,Codenie,469269,Engineer
Weiyi,Codenie,469269,Senior Engineer
Sugwoo,Eugenio,474331,Senior Staff
Jaber,Feldmann,486955,Engineer
Shigehiro,Haldar,481213,Senior Staff
Shigehiro,Haldar,481213,Staff
Taegyun,Vieri,481807,Senior Engineer
Perry,Cooman,484142,Senior Staff
Perry,Cooman,484142,Staff
Lalit,Lindqvist,490551,Engineer
Geoffrey,Siochi,486808,Senior Engineer
Jaewon,Mansanne,487856,Engineer
Satoru,Janetzko,489928,Assistant Engineer
Goetz,McAffer,492677,Engineer
Goetz,McAffer,492677,Senior Engineer
Muzhong,Berztiss,493048,Senior Staff
Muzhong,Berztiss,493048,Staff
Morrie,Iisaku,494019,Senior Staff
Morrie,Iisaku,494019,Staff
Hideo,Daescu,11126,Senior Staff
Sanjay,Ciolek,498838,Senior Staff
Sanjay,Ciolek,498838,Staff
Nechama,Kandlur,498955,Engineer
Nechama,Kandlur,498955,Senior Engineer
Leni,Kropatsch,493744,Senior Engineer
Geoffrey,Panienski,495969,Engineer
Geoffrey,Panienski,495969,Senior Engineer
Hilari,Morton,10095,Senior Staff
Hilari,Morton,10095,Staff
Hideo,Daescu,11126,Staff
Arvin,Rabejac,15413,Engineer
Angus,Chelton,13957,Senior Engineer
Arvin,Rabejac,15413,Senior Engineer
Huai,Birch,22185,Assistant Engineer
Denis,Falster,18187,Staff
Otmar,Rothenberg,20885,Engineer
Otmar,Rothenberg,20885,Senior Engineer
Morris,Garigliano,17013,Senior Staff
Morris,Garigliano,17013,Staff
Yongmin,Lanteri,21546,Senior Staff
Huai,Birch,22185,Engineer
Satoru,Vidal,29380,Assistant Engineer
Sangeeta,Georg,22027,Staff
Chenyi,Plump,27150,Staff
Abdelwaheb,Dulin,31207,Senior Engineer
Tetsushi,Conta,30035,Senior Staff
Radoslaw,Maliniak,32714,Staff
Tadahiko,Melton,32844,Engineer
Jessie,Thorelli,33025,Senior Staff
Leif,Ashish,35087,Senior Staff
Chinhyun,Bauknecht,34446,Senior Engineer
Leif,Ashish,35087,Staff
Kotesh,Rajala,36982,Engineer
Moni,Kohling,34780,Staff
Kotesh,Rajala,36982,Senior Engineer
Oscar,Kusalik,35793,Senior Staff
Oscar,Kusalik,35793,Staff
Martijn,Vendrig,39000,Senior Staff
Fumiko,Deverell,38168,Senior Staff
Fumiko,Deverell,38168,Staff
Martijn,Vendrig,39000,Staff
Zhaofang,Penn,46000,Senior Staff
Spyrose,Felder,40301,Senior Engineer
Alenka,Ritcey,44054,Engineer
Otmar,Sudbeck,39952,Staff
Willard,Vernadat,41357,Engineer
Uno,Heyers,41552,Engineer
Uno,Heyers,41552,Senior Engineer
Zhaofang,Penn,46000,Staff
Lena,Peek,49119,Engineer
Yaghout,Peng,46531,Assistant Engineer
Pasqua,Maraist,46943,Engineer
Pasqua,Maraist,46943,Senior Engineer
Toong,Litecky,47016,Senior Staff
Toong,Litecky,47016,Staff
Lena,Peek,49119,Senior Engineer
Olivera,Pargaonkar,53891,Staff
Kazuhisa,Benantar,49010,Senior Staff
Kazuhisa,Benantar,49010,Staff
Filipp,Flanders,49017,Engineer
Filipp,Flanders,49017,Senior Engineer
Marie,Khalid,50831,Senior Engineer
Sumali,Kushner,50360,Engineer
Sigeru,Nivat,56415,Senior Staff
Adin,Scallan,55857,Senior Staff
Adin,Scallan,55857,Staff
Sigeru,Nivat,56415,Staff
Sanjoy,Boudaillier,57934,Engineer
Sanjoy,Boudaillier,57934,Senior Engineer
Shigenori,Sullins,58147,Senior Staff
Kiyotoshi,Kusalik,58217,Engineer
Cheong,Uhrik,61253,Engineer
Cheong,Uhrik,61253,Senior Engineer
Chandrasekaran,Peral,65013,Engineer
Hauke,Templeman,61680,Staff
Hinrich,Scallan,63441,Staff
Padma,Peres,63444,Senior Staff
Padma,Peres,63444,Staff
Chandrasekaran,Peral,65013,Senior Engineer
Froduald,Feldhoffer,73076,Senior Engineer
Miyeon,Rothe,69867,Senior Staff
Miyeon,Rothe,69867,Staff
Dung,Leaver,66530,Staff
Marl,Thiria,68168,Senior Staff
Marl,Thiria,68168,Staff
Domenick,Basart,71066,Senior Staff
Domenick,Basart,71066,Staff
Shigeu,Claffy,82919,Engineer
Clyde,Vrecion,75420,Engineer
Shaowen,Eldridge,80731,Senior Staff
Shaowen,Eldridge,80731,Staff
Shigeo,Linnainmaa,80889,Senior Engineer
Yechezkel,Perfilyeva,82069,Engineer
Yechezkel,Perfilyeva,82069,Senior Engineer
Aiichiro,Castellani,73794,Engineer
Jahangir,Radhakrishnan,75760,Technique Leader
Marsal,Otillio,75888,Staff
Susumu,Fritzsche,78363,Engineer
Leucio,Cappelli,78469,Staff
Make,Remmers,79722,Staff
Breannda,Collavizza,83509,Engineer
Breannda,Collavizza,83509,Senior Engineer
Renny,Bale,90084,Engineer
Shin,Fujisaki,84942,Technique Leader
Denny,Cheshire,84256,Staff
Renny,Bale,90084,Senior Engineer
Bader,Denis,90211,Engineer
Tetsushi,Theuretzbacher,89090,Senior Staff
Tetsushi,Theuretzbacher,89090,Staff
Nikolaus,Swen,91934,Engineer
Jianwen,Jakobus,91973,Senior Engineer
Claude,Candan,92841,Senior Staff
Gift,Brender,94045,Senior Engineer
Hitofumi,Zaccaria,94761,Engineer
Hitofumi,Zaccaria,94761,Senior Engineer
Kazuhide,Harnett,100877,Engineer
Waiman,Dalton,103166,Engineer
Mori,Homond,101647,Senior Staff
Mori,Homond,101647,Staff
Waiman,Dalton,103166,Senior Engineer
Heping,Halloran,103756,Assistant Engineer
Heping,Halloran,103756,Engineer
Siamak,Luiz,107486,Senior Engineer
Vidar,Thibadeau,105936,Staff
Ramya,Walston,107828,Senior Staff
Ramya,Walston,107828,Staff
Waiman,Genin,201801,Engineer
Shai,Stellhorn,108316,Senior Engineer
Slavian,Cincotta,200052,Senior Engineer
Menkae,Etalle,109552,Assistant Engineer
Menkae,Etalle,109552,Engineer
Mani,Cannata,109620,Senior Staff
Mani,Cannata,109620,Staff
Arco,Walston,109703,Engineer
Waiman,Genin,201801,Senior Engineer
Ortrun,Schmiedel,202291,Engineer
Morris,Saoudi,202552,Engineer
Morris,Saoudi,202552,Senior Engineer
Isaac,Koshino,202882,Senior Engineer
Aiichiro,Kusalik,205863,Engineer
Yahiko,Awdeh,205018,Engineer
Moni,Kornyak,205085,Technique Leader
Aiichiro,Kusalik,205863,Senior Engineer
Kellie,Schrooten,207204,Assistant Engineer
Kellie,Schrooten,207204,Engineer
Tianruo,Bratten,209681,Senior Staff
Ingmar,Kohling,214539,Engineer
Gino,Lagarias,210449,Engineer
Ashish,Vidya,216573,Engineer
Shuichi,Anick,216062,Engineer
Shuichi,Anick,216062,Senior Engineer
Ashish,Vidya,216573,Senior Engineer
Almudena,Genin,218299,Senior Staff
Almudena,Genin,218299,Staff
Susanna,Reeken,219967,Senior Staff
Hidefumi,Moehrke,223593,Staff
Valdiodio,Schlumberger,222354,Assistant Engineer
Valdiodio,Schlumberger,222354,Engineer
Remmert,Quaggetto,225438,Senior Staff
Remmert,Quaggetto,225438,Staff
Dulce,Magliocco,229364,Staff
Francesca,Azuma,227901,Senior Staff
Francesca,Azuma,227901,Staff
Paloma,Henseler,229391,Engineer
Paloma,Henseler,229391,Senior Engineer
Dietrich,Crabtree,230689,Senior Staff
Cedric,Riefers,233690,Engineer
Kolar,Puppo,230498,Engineer
Kolar,Puppo,230498,Senior Engineer
Anneli,Joslin,235368,Senior Engineer
Foong,Aamodt,234739,Senior Engineer
Fay,Sundgren,233397,Senior Staff
Fay,Sundgren,233397,Staff
Seongbae,Sluis,233533,Senior Staff
Seongbae,Sluis,233533,Staff
Adel,Foote,236964,Staff
Tianruo,Speer,235546,Staff
Henk,Anger,235729,Senior Staff
Henk,Anger,235729,Staff
Shih,Shanbhogue,246902,Staff
Susumu,Brender,239415,Engineer
Susumu,Brender,239415,Senior Engineer
Arunas,Bugrara,239706,Assistant Engineer
Oscal,Ernst,239803,Senior Staff
Oscal,Ernst,239803,Staff
Atilio,Olivero,241667,Engineer
Atilio,Olivero,241667,Senior Engineer
Mokhtar,Rebaine,244308,Senior Staff
Mokhtar,Rebaine,244308,Staff
Zhongwei,Melski,246146,Engineer
Zhongwei,Melski,246146,Senior Engineer
George,Casperson,246244,Staff
Miyeon,Burnard,242314,Engineer
Arunachalam,Oppitz,244873,Senior Staff
Arunachalam,Oppitz,244873,Staff
Tzu,Bakhtari,247447,Engineer
Tzu,Bakhtari,247447,Senior Engineer
Masako,Bahk,247456,Engineer
Seongbae,Schahn,247089,Senior Staff
Seongbae,Schahn,247089,Staff
Xiaobin,Narlikar,247122,Senior Staff
Xiaobin,Narlikar,247122,Staff
Gopalakrishnan,Pehl,249451,Engineer
Jaana,Milicia,248351,Senior Staff
Snehasis,Muhlberg,248758,Senior Staff
Snehasis,Muhlberg,248758,Staff
Kish,Turnbull,250748,Engineer
Kish,Turnbull,250748,Senior Engineer
Bezalel,Tsunoo,251645,Senior Staff
Ranga,Sommen,250411,Senior Staff
Ranga,Sommen,250411,Staff
Nechama,Gaughan,249780,Assistant Engineer
Nechama,Gaughan,249780,Engineer
Nechama,Gaughan,249780,Senior Engineer
Bezalel,Tsunoo,251645,Staff
Insup,Hainaut,253707,Staff
Halsur,Brodal,256216,Engineer
Mingdong,Baar,260153,Technique Leader
Weiwu,Butner,258470,Staff
Sushant,Riefers,257799,Engineer
Sushant,Riefers,257799,Senior Engineer
Hatem,Birsak,260399,Senior Staff
Shuichi,Marrakchi,259611,Senior Staff
Hatem,Birsak,260399,Staff
Chinho,Bottner,262210,Assistant Engineer
Chinho,Bottner,262210,Engineer
Mark,Lindqvist,261737,Engineer
Mark,Lindqvist,261737,Senior Engineer
Chinho,Bottner,262210,Senior Engineer
Lorien,Lagarias,262439,Senior Staff
Lorien,Lagarias,262439,Staff
Baoqiu,Tomescu,264167,Senior Engineer
Zvonko,Serdy,266310,Senior Staff
Zvonko,Serdy,266310,Staff
Hatem,Bierbaum,270821,Staff
Mitsuyuki,Isard,272452,Engineer
Yuchang,Busillo,271975,Engineer
Wayne,Baba,273396,Engineer
Satyanarayana,Brandsma,275158,Engineer
Mari,Swick,276184,Senior Staff
Gift,Solares,276563,Senior Staff
Niteen,Ebeling,280070,Senior Staff
Michaela,Fandrianto,277829,Senior Engineer
Niteen,Ebeling,280070,Staff
Jahangir,Hofting,280420,Senior Staff
Jahangir,Hofting,280420,Staff
Woody,Trelles,286986,Senior Engineer
Phillip,Fontet,281180,Staff
Chenxi,Pusterhofer,282862,Staff
Fay,Bellmore,282894,Engineer
Fay,Bellmore,282894,Senior Engineer
Kellyn,Bage,285905,Senior Staff
Behnaam,Bierbaum,286452,Engineer
Bedrich,Rosenbaum,288893,Engineer
Bedrich,Rosenbaum,288893,Senior Engineer
Ebru,Doering,291755,Assistant Engineer
Cristinel,Gerlach,288563,Engineer
Cristinel,Gerlach,288563,Senior Engineer
Zijian,Rindone,290009,Senior Staff
Zijian,Rindone,290009,Staff
Menkae,Showalter,292110,Engineer
Menkae,Showalter,292110,Senior Engineer
Bernd,Thummel,292515,Assistant Engineer
Bernd,Thummel,292515,Engineer
Boutros,Awdeh,297008,Staff
Kankanahalli,Ciolek,295857,Senior Staff
Kankanahalli,Ciolek,295857,Staff
Xuejun,Pfau,295254,Senior Staff
Xuejun,Pfau,295254,Staff
Val,Barvinok,295278,Assistant Engineer
Val,Barvinok,295278,Engineer
Val,Barvinok,295278,Senior Engineer
Kitty,Kolvik,406299,Engineer
Yechezkel,Yurov,405063,Senior Engineer
Etsuo,Andreotta,409712,Engineer
Jolita,Claffy,408953,Senior Engineer
Yongqiao,Cochrane,408654,Senior Staff
Yongqiao,Cochrane,408654,Staff
Etsuo,Andreotta,409712,Senior Engineer
Frazer,Candan,409805,Senior Engineer
Weiwu,Lamma,411727,Staff
Ronnie,Denos,410804,Engineer
Ronnie,Denos,410804,Senior Engineer
Prasadram,Piazza,414922,Engineer
Otmar,Brandsma,411070,Engineer
Otmar,Brandsma,411070,Senior Engineer
Leen,Peak,412757,Engineer
Prasadram,Piazza,414922,Senior Engineer
Adamantios,Heemskerk,416420,Senior Staff
Juyoung,Peltason,415187,Assistant Engineer
Laurentiu,Morton,416455,Engineer
Nikolaos,Bamford,419388,Engineer
Nikolaos,Bamford,419388,Senior Engineer
Shawna,Krider,420765,Staff
Jaques,Navazio,427776,Senior Staff
Paris,Range,425780,Senior Staff
Paris,Range,425780,Staff
Guther,Conia,425830,Engineer
Mariangiola,Bolsens,420476,Senior Staff
Mariangiola,Bolsens,420476,Staff
Shawna,Krider,420765,Senior Staff
Joydip,Krone,423208,Engineer
Kagan,Dredge,424584,Engineer
Kagan,Dredge,424584,Senior Engineer
Nathan,Vendrig,424714,Engineer
Feiyu,Hemaspaandra,427332,Staff
Jaques,Navazio,427776,Staff
Haldun,Compeau,427805,Senior Staff
Alassane,Wolniewicz,429249,Engineer
Alassane,Wolniewicz,429249,Senior Engineer
Yongqiao,Francisci,429520,Engineer
Bartek,Vendrig,429532,Senior Staff
Bartek,Vendrig,429532,Staff
Dietrich,Kranzdorf,435602,Senior Staff
Xiong,Roisin,430558,Engineer
Xiong,Roisin,430558,Senior Engineer
Kersti,Marsiglia,430631,Engineer
Bojan,Montresor,433059,Staff
Dietrich,Kranzdorf,435602,Staff
Mari,Plessier,439377,Senior Engineer
Takushi,Skogmar,434845,Senior Staff
Takushi,Skogmar,434845,Staff
Shim,Versino,435026,Senior Engineer
Sumant,Thambidurai,437395,Senior Staff
Sumant,Thambidurai,437395,Staff
Mona,Hebden,442653,Engineer
Siddarth,Masada,442700,Staff
Aleksander,Schaaf,447232,Senior Staff
Udi,Rullman,444487,Senior Engineer
Aleksander,Schaaf,447232,Staff
Jacopo,Krohm,451272,Engineer
Hercules,Kabayashi,446306,Senior Engineer
Fumitaka,Quittner,449815,Senior Staff
Fumitaka,Quittner,449815,Staff
Jacopo,Krohm,451272,Senior Engineer
Chinya,Leslie,453688,Engineer
Saeed,Bahl,450475,Senior Staff
Ranga,Plesums,455364,Senior Staff
Sorina,Lakshmanan,457305,Staff
Shounak,Dratva,456982,Engineer
Shounak,Dratva,456982,Senior Engineer
Mohit,Verhaegen,459429,Senior Staff
Mohit,Verhaegen,459429,Staff
Yuping,Sethi,459846,Staff
Shietung,Gelosh,461120,Engineer
Shietung,Gelosh,461120,Senior Engineer
Temple,Danlos,466064,Senior Staff
Berna,Comellas,464526,Staff
Hiroyasu,Strandh,466367,Senior Staff
Hiroyasu,Strandh,466367,Staff
Chaosheng,Shobatake,469805,Senior Staff
Nahum,Lambe,467269,Technique Leader
Chaosheng,Shobatake,469805,Staff
Avishai,Majewski,473940,Engineer
Sachin,Zlotek,468763,Senior Engineer
Shigeaki,Lanteri,475938,Engineer
Shigeaki,Lanteri,475938,Senior Engineer
Khun,Spieker,476122,Engineer
Jouni,Conia,482755,Senior Staff
Genevieve,Snedden,475087,Senior Engineer
Pradeep,Valiente,478833,Engineer
Pradeep,Valiente,478833,Senior Engineer
Luisa,Chelton,481397,Assistant Engineer
Amabile,Crelier,481399,Staff
Margareta,Polajnar,481467,Staff
Jouni,Conia,482755,Staff
Duke,Journel,482944,Senior Staff
Duke,Journel,482944,Staff
Yefim,Bernardeschi,486068,Senior Staff
Manton,Lueh,484126,Senior Staff
Hausi,Kamber,483675,Engineer
Hausi,Kamber,483675,Senior Engineer
Rafael,Menhoudj,485577,Senior Engineer
Munehiro,Iwayama,485579,Engineer
Munehiro,Iwayama,485579,Senior Engineer
Yefim,Bernardeschi,486068,Staff
Hironoby,Jakobus,493031,Senior Staff
Yagil,Remmers,486918,Senior Staff
Matt,Ruemmler,486956,Engineer
Leah,Luke,488115,Assistant Engineer
Sanjoy,Porenta,492639,Engineer
Hironoby,Jakobus,493031,Staff
Pranjal,Reinhard,496100,Staff
Shaleah,Pileggi,493278,Engineer
Reinhard,Erde,497409,Engineer
Teunis,Noriega,10663,Technique Leader
Rutger,Binkley,22502,Senior Engineer
Rasiah,Sudkamp,12408,Senior Engineer
Taiji,Jarecki,18810,Engineer
Taiji,Jarecki,18810,Senior Engineer
Mario,Cochrane,11157,Engineer
Berry,DeMori,17206,Engineer
Berry,DeMori,17206,Senior Engineer
Jaana,Perez,24080,Technique Leader
Abdelaziz,Atrawala,24189,Staff
Roddy,Rubsam,24205,Senior Engineer
Oksana,Zultner,31341,Senior Staff
Mayuko,Vitiello,28222,Technique Leader
Oksana,Zultner,31341,Staff
Terresa,Peres,32347,Senior Staff
Terresa,Peres,32347,Staff
Ingmar,Nannarelli,32649,Senior Staff
Ashish,Talmon,35642,Engineer
Ashish,Talmon,35642,Senior Engineer
Sudhanshu,Boissier,40283,Engineer
Rimon,Kawashima,39301,Senior Staff
Rimon,Kawashima,39301,Staff
Fen,Genin,36626,Senior Staff
Sudhanshu,Boissier,40283,Senior Engineer
Hitomi,Schaap,48690,Staff
Yucai,Simmen,41609,Senior Staff
Mrinalini,Strooper,46222,Staff
Augustine,Mungall,52599,Engineer
Yuichiro,Malabarba,48904,Senior Staff
Yuichiro,Malabarba,48904,Staff
Filipp,Akaboshi,48947,Senior Staff
Tze,Bach,49177,Engineer
Slavian,Munawer,51502,Senior Staff
Phule,Heijenga,52040,Senior Staff
Phule,Heijenga,52040,Staff
Augustine,Mungall,52599,Senior Engineer
Ronnie,Pollock,59195,Technique Leader
Arnould,Gaughan,53924,Engineer
Arnould,Gaughan,53924,Senior Engineer
Chinya,Cooke,69878,Engineer
Karlis,Nanard,62046,Engineer
Karlis,Nanard,62046,Senior Engineer
Mihalis,Haldar,62167,Senior Engineer
Golgen,Schoegge,64209,Senior Staff
Aiman,Rosaz,66807,Engineer
Aiman,Rosaz,66807,Senior Engineer
Zita,Hiltgen,59640,Staff
Kristinn,Pearson,68022,Staff
Fumiko,Bodoff,68263,Staff
Hitomi,Takanami,71710,Assistant Engineer
Sajjad,Vitiello,71141,Senior Staff
Sajjad,Vitiello,71141,Staff
Pranjal,Schapiro,71188,Senior Staff
Pranjal,Schapiro,71188,Staff
Kinh,Buchter,71243,Engineer
Kinh,Buchter,71243,Senior Engineer
Kyoichi,Erman,75703,Engineer
Kolar,Garigliano,74598,Senior Staff
Jaihie,Vilarrasa,74237,Assistant Engineer
Jaihie,Vilarrasa,74237,Engineer
Kyoichi,Erman,75703,Senior Engineer
Fei,Murtagh,79895,Senior Staff
Kolar,Hinsberger,76189,Engineer
Kolar,Hinsberger,76189,Senior Engineer
Mariusz,Weiland,76847,Senior Engineer
Divine,Ghandeharizadeh,81644,Staff
Rimli,Huttel,80745,Staff
Koichi,Assaf,90292,Engineer
Marco,Klerer,81162,Engineer
Marco,Klerer,81162,Senior Engineer
Khun,Janetzko,87714,Assistant Engineer
Khun,Janetzko,87714,Engineer
Alexius,Ibel,89922,Engineer
Alexius,Ibel,89922,Senior Engineer
Keung,Neiman,87129,Staff
Mang,Hedayat,88965,Engineer
Otmar,Birjandi,89048,Engineer
Otmar,Birjandi,89048,Senior Engineer
Koichi,Assaf,90292,Senior Engineer
Ramzi,Cronau,94331,Technique Leader
Remmert,Plumb,91308,Engineer
Remmert,Plumb,91308,Senior Engineer
Magdalena,Penn,93278,Engineer
Magdalena,Penn,93278,Senior Engineer
Bilhanan,Marrakchi,94442,Staff
Nobuyoshi,Hegner,95920,Senior Staff
Nobuyoshi,Hegner,95920,Staff
Sachem,Cromarty,105731,Assistant Engineer
Heping,Matheson,94944,Engineer
Heping,Matheson,94944,Senior Engineer
Abdulah,Hofstetter,95692,Engineer
Werner,Lodder,104845,Senior Staff
Werner,Lodder,104845,Staff
Parviz,Litzler,104988,Engineer
Parviz,Litzler,104988,Senior Engineer
Sachem,Cromarty,105731,Engineer
Franziska,Maginnis,204471,Engineer
Xiaobin,DuBourdieux,109553,Staff
Jamaludin,Lalonde,109611,Staff
Huan,Perko,109652,Senior Staff
Huan,Perko,109652,Staff
Hatem,Fadgyas,109741,Senior Engineer
Sasan,Thimonier,203720,Senior Staff
Susumu,Camurati,200789,Senior Staff
Susumu,Camurati,200789,Staff
Franziska,Maginnis,204471,Senior Engineer
Baziley,Falck,207551,Assistant Engineer
Pranjal,Juneja,208784,Senior Engineer
Yucai,Fabrizio,206748,Staff
Adam,Besancenot,210529,Senior Staff
Xinyu,Edelhoff,209101,Senior Engineer
Sailaja,Holburn,212154,Senior Staff
Krassimir,Garnier,209443,Senior Staff
Sailaja,Holburn,212154,Staff
Shigenori,Deville,220625,Technique Leader
Mokhtar,Poupard,218022,Technique Leader
Masami,Puoti,217080,Senior Engineer
Miyeon,Billingsley,222311,Senior Engineer
Herbert,Erva,226227,Engineer
Herbert,Erva,226227,Senior Engineer
Ewing,Millington,229727,Engineer
Ipke,Kieras,225788,Engineer
Takanari,Pelc,228575,Engineer
Jamaludin,Fordan,229981,Engineer
Jamaludin,Fordan,229981,Senior Engineer
Kotesh,Chachaty,233765,Engineer
Nikolaus,Yetto,232458,Staff
Kotesh,Chachaty,233765,Senior Engineer
Keiichiro,Feldmann,235269,Staff
Gro,Prochazka,235325,Engineer
Sampalli,Bergere,235780,Senior Engineer
Gro,Prochazka,235325,Senior Engineer
Gio,Heuser,235458,Senior Staff
Gio,Heuser,235458,Staff
Tadahiko,Pocchiola,239067,Staff
Sajjan,Falby,248256,Staff
Tianruo,Strooper,246798,Senior Staff
Tianruo,Strooper,246798,Staff
Sugwoo,Michaels,239664,Engineer
Sugwoo,Michaels,239664,Senior Engineer
Limsoon,Boudaillier,241728,Senior Engineer
Tomokazu,Pargas,242081,Assistant Engineer
Tomokazu,Pargas,242081,Engineer
Alper,Tiemann,246364,Engineer
Moty,Sommen,251680,Senior Engineer
Duke,Picaronny,256078,Staff
Keung,Simmel,252318,Technique Leader
Sachem,McDermid,252592,Senior Engineer
Hinrich,Hooghiemstra,251166,Senior Staff
Hinrich,Hooghiemstra,251166,Staff
Yucel,Bernini,251233,Engineer
Yucel,Bernini,251233,Senior Engineer
Anyuan,Hanratty,257469,Senior Staff
Anyuan,Hanratty,257469,Staff
Mountaz,Reinhart,258028,Engineer
Stabislas,Pardalos,257062,Engineer
Stabislas,Pardalos,257062,Senior Engineer
Jaber,Falco,258376,Engineer
Subbu,Kaiserswerth,262440,Assistant Engineer
Fusako,Schwartzbauer,263926,Senior Staff
Atreye,Kabayashi,263439,Senior Engineer
Pramod,Bierman,262752,Engineer
Fusako,Schwartzbauer,263926,Staff
Zdislav,Solares,264030,Assistant Engineer
Zdislav,Solares,264030,Engineer
Mart,Plumb,266862,Senior Staff
Toshimi,Kragelund,266981,Assistant Engineer
Toshimi,Kragelund,266981,Engineer
Domenico,Wendorf,270792,Engineer
Mingsen,Weiland,274071,Staff
Atilio,Randi,276445,Engineer
Vojin,Laventhal,275263,Engineer
Vojin,Laventhal,275263,Senior Engineer
Shen,Yamaashi,275495,Staff
Brigham,Asmuth,273286,Engineer
Brigham,Asmuth,273286,Senior Engineer
Holgard,Stavenow,276027,Senior Staff
Holgard,Stavenow,276027,Staff
Atilio,Randi,276445,Senior Engineer
Sajjad,Vecchi,276186,Senior Staff
Sajjad,Vecchi,276186,Staff
Isaac,Klerer,276189,Senior Staff
Isaac,Klerer,276189,Staff
Boaz,Bottner,278239,Staff
Parke,Staylopatis,281848,Engineer
Hidefumi,Saoudi,278883,Engineer
Caolyn,Poujol,278386,Technique Leader
Parke,Staylopatis,281848,Senior Engineer
Ipke,Farrar,280836,Senior Engineer
Sigeru,Versino,286779,Engineer
Lena,Kohling,285396,Engineer
Lena,Kohling,285396,Senior Engineer
Nathalie,Foote,283041,Senior Engineer
Cullen,Mikschl,283138,Senior Staff
Jaques,Nanard,286029,Staff
Troy,Kobuchi,287984,Senior Engineer
Gregory,Collavizza,290441,Senior Staff
Troy,Kobuchi,287984,Engineer
Gregory,Collavizza,290441,Staff
Tsvetan,Sherertz,290478,Assistant Engineer
Boalin,Byoun,290075,Senior Staff
Boalin,Byoun,290075,Staff
Tsvetan,Sherertz,290478,Engineer
Shridhar,Chvatal,292374,Staff
Kwangjo,Menhardt,290284,Engineer
Faiza,Bach,291669,Engineer
Uriel,Georg,291819,Senior Staff
Uriel,Georg,291819,Staff
Claudi,Ruemmler,294446,Staff
Khatoun,Pulkowski,292146,Engineer
Syozo,Maliniak,293154,Senior Staff
Chiranjit,Serot,295411,Staff
Kamakshi,Bahl,296718,Senior Engineer
Eben,Calkin,295268,Senior Staff
Eben,Calkin,295268,Staff
Takushi,Strehl,423038,Senior Staff
Tsz,Daescu,408417,Staff
Mototsugu,Prampolini,413205,Senior Staff
Marc,Bahl,297905,Assistant Engineer
Angus,Jullig,400358,Engineer
Angus,Jullig,400358,Senior Engineer
Mohamadou,Grabner,413831,Senior Staff
Mohamadou,Grabner,413831,Staff
Wuxu,Kuhnemann,414091,Engineer
Kazuhiko,Gornas,418380,Senior Engineer
Michaela,Otillio,418606,Engineer
Niranjan,Lamba,420921,Staff
Constantijn,Lichtman,423327,Senior Staff
Constantijn,Lichtman,423327,Staff
Ranan,Marsiglia,429899,Staff
Theron,Itschner,424797,Senior Staff
Theron,Itschner,424797,Staff
Moni,Staudhammer,425437,Engineer
Jahangir,Kroft,425875,Senior Staff
Jahangir,Kroft,425875,Staff
Alassane,Ramsay,431759,Engineer
Tomofumi,Serna,433157,Staff
Arfst,Uehara,432034,Senior Staff
Wojceich,Limongiello,436827,Senior Staff
Nitsan,Nollmann,432399,Engineer
Nitsan,Nollmann,432399,Senior Engineer
Brigham,Borstler,435042,Staff
Make,Olivero,433260,Assistant Engineer
Make,Olivero,433260,Engineer
Berthier,Pramanik,435305,Senior Staff
Berthier,Pramanik,435305,Staff
Jaques,Standera,435357,Engineer
Fabrizio,Usery,440937,Senior Staff
Fabrizio,Usery,440937,Staff
Terresa,Milicia,442704,Engineer
Filipp,Hasham,440870,Senior Staff
Filipp,Hasham,440870,Staff
Shaw,Kading,443841,Senior Staff
Shaw,Kading,443841,Staff
Ebru,Valtorta,445950,Engineer
Ebru,Valtorta,445950,Senior Engineer
DAIDA,Nooteboom,446424,Engineer
Kirk,Zongker,447376,Staff
Heeju,Kemmerer,447599,Technique Leader
Martijn,Jeong,447931,Senior Staff
Martijn,Jeong,447931,Staff
Shiv,Baezner,447982,Engineer
Shiv,Baezner,447982,Senior Engineer
DAIDA,Nooteboom,446424,Senior Engineer
Boalin,Tramer,450510,Staff
Haldun,Syang,448994,Staff
Bedrich,Isard,451275,Senior Staff
Udo,Waymire,450255,Technique Leader
Kamakshi,Schusler,454825,Engineer
Taiji,Berstel,452325,Engineer
Taiji,Berstel,452325,Senior Engineer
Subir,Miake,452137,Engineer
Subir,Miake,452137,Senior Engineer
Kamakshi,Schusler,454825,Senior Engineer
Yakichi,Naumovich,457653,Technique Leader
Arne,Kohling,453723,Engineer
Arne,Kohling,453723,Senior Engineer
Hirochika,Goldhammer,459685,Engineer
Thanasis,Standera,458134,Senior Staff
Thanasis,Standera,458134,Staff
George,Atchley,458191,Staff
Mabhin,Foote,458383,Engineer
Remzi,Mitzlaff,460920,Senior Staff
Sreenivas,Versino,461563,Senior Staff
Adly,Hambrick,460131,Staff
Shahid,Varman,465409,Senior Staff
Itzchak,Penn,463023,Staff
Jinxi,Schmiedel,463099,Senior Staff
Jinxi,Schmiedel,463099,Staff
Larisa,Murtafg,462736,Staff
Shahid,Varman,465409,Staff
Jungsoon,Gubsky,472238,Senior Engineer
Abdelghani,Nyrup,464303,Senior Staff
Abdelghani,Nyrup,464303,Staff
Kiyotoshi,Hennebert,467591,Staff
Halsur,Ibel,469527,Staff
Weiru,Burnard,481050,Senior Staff
Terresa,Vigier,477350,Staff
Nikolaos,Lorch,477352,Engineer
Doowon,Schoegge,478170,Assistant Engineer
Doowon,Schoegge,478170,Engineer
Weiru,Burnard,481050,Staff
Gina,Decaestecker,481148,Engineer
Uno,Jayawardene,487505,Senior Staff
Jayson,Zockler,482354,Staff
Herbert,Hammerschmidt,484498,Engineer
Herbert,Hammerschmidt,484498,Senior Engineer
Keiichiro,Armand,485489,Assistant Engineer
Keiichiro,Armand,485489,Engineer
Keiichiro,Armand,485489,Senior Engineer
Uno,Jayawardene,487505,Staff
Younwoo,Samarati,490720,Senior Engineer
Denis,Narlikar,488142,Senior Staff
Denis,Narlikar,488142,Staff
Saniya,Broomell,491494,Staff
Sachem,Msuda,493096,Engineer
Udo,Ratnakar,492052,Staff
